suff,amInd,asian,black,hispanic,white,occurences
nwu,0.0,0.0,0.9422,0.0099,0.0083,606
alk,0.00325143063394,0.0160898444678,0.0471037767424,0.0152779662685,0.905571036225,30476
aub,0.00195739669637,0.00387855244646,0.0037961752905,0.0115766062217,0.968722033766,38382
aue,0.0,0.00369865361077,0.0,0.0152653610771,0.963901101591,1634
aug,0.006,0.0097,0.0021,0.013,0.96,4844
auf,0.000807981663745,0.0389621275448,0.00741801267359,0.00863816907105,0.921400296616,7417
auh,0.0,0.0065,0.0,0.0087,0.966,1381
auk,0.00304451636102,0.0145834951456,0.00719838187702,0.0117156778137,0.951096332255,5562
aum,0.00128332037929,0.00479663609513,0.00611285092492,0.016309085963,0.95845455464,64330
aun,0.00348281509074,0.00754567878802,0.00677741613101,0.0165882004225,0.954284711654,44027
aup,0.00169776271186,0.0111694915254,0.0,0.00339552542373,0.969144338983,2950
aus,0.00287687177314,0.00530494797797,0.00779772138788,0.0266687899189,0.945203954616,63723
aut,0.00216410070639,0.00762162651694,0.0545280565115,0.0130512950552,0.908159735555,5521
auw,0.0074,0.0,0.0,0.0089,0.9675,677
xto,0.0,0.0407,0.0,0.9159,0.0314,2579
auz,0.0,0.0,0.0111,0.919,0.0575,1531
alb,0.001926268465,0.0108876043674,0.00318253050739,0.0151299935774,0.95956987797,3114
fut,0.0,0.0,0.0,0.0,0.9918,486
fur,0.0158,0.0,0.0113,0.0475,0.9208,442
zdz,0.0,0.0,0.0,0.0,0.9981,522
upa,0.00193087849952,0.010488484347,0.0,0.0190226727348,0.950239304923,7251
upy,0.0,0.0124,0.0,0.0186,0.9588,485
upt,0.00172430317848,0.00564484107579,0.00537965770171,0.00871149144254,0.968561124694,8180
upu,0.0124,0.0,0.0,0.0297,0.9059,404
zda,0.0,0.0,0.0,0.0169,0.9755,1062
upp,0.0036958231699,0.00366583166607,0.00348953325842,0.0115123660482,0.966648567983,36487
rll,0.0,0.0,0.0154216383308,0.0201085007728,0.934284698609,1294
ucy,0.00296671770754,0.00523308542054,0.0512885267418,0.0128248277371,0.915467439571,9143
orz,0.0,0.0074,0.0,0.0159,0.9498,816
nen,0.00371297098758,0.0151812224011,0.0349356609302,0.0129935372044,0.915522535182,48462
nek,0.000925187708795,0.00218196010981,0.000660020507393,0.0126025766546,0.970763959911,30233
ned,0.00497232505643,0.00249819413093,0.00112611738149,0.0162804740406,0.960031038375,4430
nee,0.00736267264574,0.00339867264574,0.00485094170404,0.0143402690583,0.955523838565,5575
kus,0.0020422877118,0.00450456377142,0.0345849881051,0.0162560664174,0.928371622081,20597
nec,0.0,0.0,0.0,0.0530604698258,0.932331713244,2469
kun,0.0,0.011,0.014,0.011,0.9521,1002
gna,0.00105189037073,0.00475779395571,0.00215323014805,0.024915202496,0.954817282516,16346
nez,0.00523495393647,0.00910507999331,0.0049929311456,0.91739108342,0.0582880134718,1118781
mee,0.000732675309369,0.00439605185622,0.0275502799057,0.0125009575722,0.943294107248,6788
mea,0.0,0.0,0.0,0.9248,0.0664,1582
kel,0.00257484793244,0.0031776707156,0.0132650588739,0.0127145408211,0.954071403858,107518
mel,0.00280554567786,0.00412622762896,0.0164013440168,0.0152909135571,0.946155040356,85490
mek,0.000509433962264,0.00547471863621,0.00114912280702,0.0130607828534,0.964916443231,12084
met,0.00120704709522,0.0118794431076,0.0,0.0151196287384,0.950169009969,5818
mez,0.00347206445129,0.0100283219587,0.00748664347755,0.914113324378,0.0595895523802,295541
wda,0.0,0.0,0.0,0.0233,0.9464,429
aky,0.0,0.0079,0.0,0.0301,0.9572,631
gly,0.00566721683642,0.00396502638361,0.0133134617745,0.00885239906737,0.957393839735,16298
wds,0.0,0.0,0.0342,0.0196,0.9169,409
bri,0.0,0.0,0.00297886567164,0.0453459701493,0.936094208955,1675
bt,0.0,0.0,0.0,0.0284,0.9563,1305
tzy,0.0,0.00245971329708,0.0,0.0113979238754,0.974758774098,2023
dny,0.0,0.0,0.0,0.0,0.975892130115,953
nka,0.00148518910902,0.00403210085814,0.00307570717237,0.0112174276936,0.962809365399,9439
nke,0.00284093674959,0.00480547408668,0.00184903713893,0.0123193959387,0.966936524608,85786
nki,0.0,0.9323,0.0,0.0,0.0193,827
nkl,0.0,0.0104,0.0207,0.0186,0.942,483
nko,0.00110510362579,0.00407741978432,0.0042541472507,0.0214053920916,0.947543740292,22533
tza,0.0,0.0,0.0,0.0493,0.9366,426
err,0.0039291742326,0.0131416638873,0.037711144463,0.0153102266691,0.916021499599,80955
mm,0.00365961845857,0.00790637696293,0.0343590433351,0.0143333290494,0.927024095747,124495
ml,0.0,0.0,0.0,0.0,0.9867,600
erz,0.00433917050691,0.00634384657089,0.00258134995934,0.0453937516942,0.929831024668,7378
erf,0.0,0.00447966573816,0.0,0.0189306406685,0.963799721448,1795
erg,0.00213891582347,0.00490949585865,0.00554092617128,0.0149645847674,0.959525036578,405303
erl,0.000804402006797,0.00081071370772,0.0140797540055,0.00924162485839,0.956933241625,6179
ern,0.00288603381573,0.0199440478579,0.0410614930506,0.0161629388164,0.905803317811,139580
mz,0.0,0.0,0.0,0.00566027088036,0.983073137698,886
uay,0.00629017884207,0.00431686117005,0.0494086086693,0.0125016368597,0.912250848742,13196
uax,0.0254,0.0057,0.0026,0.0142,0.9404,5755
czy,0.0,0.0,0.0,0.0138,0.9677,651
yga,0.0,0.0084,0.0,0.0184,0.9648,597
iuk,0.0107,0.0107,0.0,0.0129,0.9335,466
cza,0.0,0.0,0.0,0.0175,0.9719,570
hof,0.00232130769231,0.00309507692308,0.0,0.0200320769231,0.9657705,2600
enf,0.0,0.0,0.0192,0.0192,0.9496,417
eni,0.0,0.00360519855596,0.0194807220217,0.0223572563177,0.92994700361,1385
hol,0.00234933780386,0.00269314333613,0.0268035205365,0.0134363285834,0.939639798826,5965
enk,0.00180440215216,0.00679353461692,0.00373208679799,0.0154163279826,0.960409680288,22489
hok,0.0,0.0,0.0,0.0195,0.9766,512
hot,0.00270684456304,0.0039010406938,0.00119419613075,0.0135757705137,0.96639778519,7495
fas,0.0,0.0,0.0,0.0226,0.9704,575
eny,0.00611101610658,0.00463704016703,0.0308091519189,0.013617359316,0.928047355339,20116
uco,0.0,0.0,0.0,0.9364,0.0482,519
lak,0.000563709677419,0.00347805750351,0.000881739130435,0.0127654908836,0.967101735624,28520
lad,0.00314882013634,0.00419921342423,0.00393602517042,0.00813418982695,0.96276622968,3814
lab,0.0,0.0,0.00538775510204,0.0,0.977443179377,931
lac,0.0,0.0150469541139,0.0,0.019759375,0.948164121835,2528
vou,0.0,0.0,0.0,0.0,0.9608,408
zec,0.0,0.0,0.0,0.0096,0.9713,941
fal,0.0,0.0,0.0,0.0147,0.9706,816
zek,0.0013167376966,0.00141805175038,0.000607874175545,0.00842410451547,0.972044469812,19710
fam,0.0,0.0079,0.0,0.0111,0.9699,632
zen,0.00324620883948,0.00612371330769,0.0271240495592,0.0161729938505,0.932756005574,33011
zeo,0.0,0.0035,0.0,0.0382,0.9499,2254
zel,0.00205085837399,0.00385959714559,0.0230871129907,0.0130396254161,0.945669249008,87724
loz,0.0037,0.0016,0.0032,0.9329,0.0559,3757
zer,0.00387223609875,0.00364531211475,0.0449346906725,0.0137177438547,0.919142480945,186566
piz,0.0,0.0,0.0,0.9421,0.0517,484
fis,0.0032,0.0035,0.0657,0.0122,0.9034,7895
cle,0.024556610636,0.00276825911727,0.00759120220191,0.0135928438022,0.930579337462,10173
imm,0.0035961040642,0.0100183510225,0.036585884028,0.0133176753818,0.92412423505,38630
fic,0.0,0.0,0.0,0.0368,0.9461,408
fia,0.0,0.00536243980738,0.00372391653291,0.0481322632424,0.921882878545,1869
fil,0.0,0.0,0.0,0.0286,0.9499,559
xa,0.0,0.0544442964679,0.00636965836711,0.0162041111754,0.903296699479,1727
rcq,0.0,0.0254,0.0,0.0148,0.947,472
dya,0.0019948969578,0.924421393523,0.00163866535819,0.00520098135427,0.0268529931305,3057
zac,0.0,0.0043,0.0,0.0122,0.9757,1397
zei,0.0,0.0039,0.0,0.037,0.9501,1785
zwa,0.0,0.0,0.0,0.0,0.9875,640
upi,0.00321036878675,0.00376162479957,0.0,0.0566577231427,0.916649225013,1871
uci,0.0,0.0,0.0,0.00616163349348,0.971846259437,1457
mde,0.0,0.0148,0.0,0.0277,0.9482,541
eum,0.0357,0.0179,0.0,0.0,0.9187,504
goo,0.0044,0.0,0.0,0.0169,0.9581,1599
goe,0.0,0.0,0.0,0.0243250169033,0.960792156863,1479
wgo,0.0,0.0,0.0,0.0181,0.9598,497
rx,0.0027,0.0043,0.0085,0.0139,0.9621,9404
rz,0.00144903524316,0.00439012354794,0.00135504774562,0.0214064801142,0.960009829691,40632
rf,0.00171418262559,0.00258567305024,0.0021614543436,0.013633791285,0.965524712739,36030
rg,0.00249612022228,0.00767138253977,0.0139960329027,0.0150188056893,0.947508873188,487863
goy,0.0,0.0147902439024,0.0,0.0235267421603,0.944250609756,1148
rb,0.00978970837642,0.00381792761117,0.0119156649431,0.0176003309204,0.936215582213,24175
rm,0.00581484045386,0.00485738336132,0.00592014500471,0.014567992463,0.95482362266,24413
ntz,0.00365119406108,0.00397520017244,0.0158150026309,0.0137344036668,0.951035060448,157739
ntu,0.00257213589808,0.00158285286035,0.0053421284037,0.908894823882,0.0774266100425,40030
nti,0.0196202254399,0.0034663077346,0.00229371563416,0.0343521238087,0.927360144795,43648
nth,0.0,0.0,0.0,0.0077,0.9816,652
isz,0.0,0.00218427586207,0.0,0.0124124689655,0.962466482759,3625
iss,0.00458637764775,0.00453939195548,0.044821763029,0.0159793690413,0.916312570754,146634
ist,0.00391124956564,0.00412583431788,0.0591695663354,0.0147927361179,0.903365580652,143890
isk,0.00680645126855,0.00354478525424,0.0217899476924,0.0174503931965,0.936647165783,28103
xum,0.0,0.0,0.9633,0.0132,0.0113,1063
atz,0.00129600381108,0.00511991697291,0.00328153259834,0.0190186157615,0.95981042058,73470
kic,0.0,0.0,0.0,0.0132,0.9253,455
kia,0.0,0.9396,0.0,0.0,0.0175,513
toy,0.0,0.0,0.0063,0.0208,0.9511,1104
top,0.0,0.0,0.0,0.0,0.9952,420
tov,0.0,0.0,0.0152,0.0,0.9167,396
tot,0.0,0.0092,0.0,0.0126,0.9553,872
tok,0.00495411184211,0.0,0.0,0.0172833881579,0.960494407895,1216
tof,0.0,0.0,0.0,0.0,0.9795,585
tog,0.0,0.0,0.0,0.00678269720102,0.974567430025,1179
ukh,0.0,0.9511,0.0,0.0,0.0204,491
gyi,0.0,0.00332290184922,0.0,0.0128009957326,0.963975343765,2109
iaw,0.0,0.9336,0.0,0.0,0.0355,422
epy,0.0065,0.0,0.0,0.0137,0.9555,1237
nze,0.00199161589524,0.00353565517869,0.00337096480858,0.0140067563881,0.965261216695,10997
nzi,0.0,0.00212355673524,0.00266,0.0586653085601,0.918652488388,7535
kta,0.002,0.922,0.0017,0.0089,0.0057,3502
nzl,0.0,0.0103,0.0,0.0155,0.9518,581
rad,0.00496197386909,0.00833562485582,0.0240740976868,0.0159658075205,0.928764486295,47683
rab,0.0,0.0,0.0,0.0140697674419,0.972511627907,1419
rac,0.0,0.0,0.0,0.0164,0.9719,427
ogt,0.00230651208148,0.00538186152346,0.0065351175642,0.0177637230469,0.956858251165,18458
bst,0.00190838052095,0.00439037372593,0.00133227140677,0.0131159781378,0.967994815107,20309
sud,0.0,0.0,0.0,0.0288,0.9539,694
tyr,0.0,0.0,0.0,0.0202,0.9622,397
tys,0.0,0.0,0.0566535211268,0.00735673606859,0.926801316595,3266
euf,0.00440101825168,0.00210197886647,0.0117255523535,0.014607857829,0.956965571566,5205
dol,0.0,0.00151032702238,0.0120361015491,0.0141708476764,0.953956841652,4648
doe,0.0,0.0,0.0197690842491,0.0138878388278,0.945033333333,1365
lpe,0.00180361830436,0.00484129123803,0.00355512593118,0.0226876197233,0.956126073076,8457
dov,0.0,0.0,0.0,0.0,0.900622098422,1077
dow,0.00287652357225,0.00564976044461,0.0530033250287,0.0150484572633,0.904855088156,10436
pue,0.0054,0.003,0.003,0.0132,0.9646,1666
suk,0.0,0.0,0.0,0.0,0.971,448
pka,0.000440484429066,0.00151733652737,0.00151286487446,0.0096690267057,0.971771777127,11271
pke,0.0,0.00453275935921,0.0,0.0105366401097,0.970969939176,11673
kup,0.0180892648775,0.00484175418125,0.0,0.00622524309607,0.955824329055,5142
pko,0.0,0.00295687300865,0.0,0.00979754210287,0.973151775148,4394
oci,0.0,0.0088,0.0,0.0228,0.9457,571
och,0.0026742259604,0.00702532342037,0.0517493028713,0.0146463753254,0.911994126173,101416
hrt,0.00230811808118,0.00922619926199,0.0,0.00460341328413,0.962182103321,2168
hrs,0.00113111782477,0.00226910876133,0.00226331193353,0.0115098564955,0.969580683535,5296
ocy,0.0,0.0,0.0,0.0,0.9804,459
kul,0.0,0.0,0.0081,0.0081,0.971,621
hre,0.00232358270774,0.00573150401243,0.00364027957546,0.00980885322288,0.963996893606,3863
kuk,0.0,0.0,0.0,0.0157,0.9654,636
dl,0.00149050048377,0.00377575864192,0.00194241358079,0.014769777465,0.96401404697,11369
dh,0.0,0.0,0.0,0.0136,0.9592,441
zyb,0.0,0.0,0.0,0.0099,0.9674,706
bei,0.0,0.0,0.0,0.0401,0.9499,399
dz,0.0,0.0,0.0,0.00862279792746,0.974977720207,1158
dt,0.00302736394946,0.00465162029915,0.00775784343891,0.0152423528332,0.958165113942,403012
eme,0.0,0.0119,0.0,0.0264,0.9466,1853
hje,0.0,0.0,0.0,0.0,0.9838,617
bau,0.0,0.0,0.0,0.0147,0.9779,679
emm,0.00145256874096,0.00454880607815,0.00397972141823,0.0133657380608,0.958745676556,5528
eml,0.0,0.0,0.0,0.0,0.9867,600
bak,0.0,0.00378166666667,0.0,0.00896141577061,0.970617293907,5580
emz,0.0,0.0,0.0,0.0118,0.9812,425
nur,0.0039,0.0044,0.0028,0.0205,0.9652,1808
nul,0.0,0.0,0.0,0.9078,0.0686,423
nuk,0.0,0.0,0.0,0.0,0.9794,873
igt,0.0037,0.0039,0.0083,0.0158,0.9598,7092
bts,0.0,0.0,0.0,0.0092,0.9771,655
irz,0.0118,0.0,0.0,0.0307,0.9338,423
mec,0.00567550027042,0.0,0.0,0.0162346133045,0.964839697134,3698
irr,0.0,0.00477904191617,0.0,0.022383992016,0.956098163673,2505
irs,0.00598683510638,0.0106399601064,0.0162955784574,0.015280518617,0.94249950133,3008
muz,0.0,0.0,0.0,0.9136,0.0707,509
irm,0.0,0.0,0.0,0.0115,0.9724,435
irn,0.00996677740864,0.00449145983975,0.037545202267,0.0169772132109,0.909931424663,5117
mun,0.0,0.0,0.0141,0.0,0.9593,639
ird,0.0194272442611,0.00643045094672,0.0373448517091,0.0171531490868,0.905253485255,95488
wd,0.00632219018326,0.00642289504037,0.0469519543765,0.0159173843394,0.911094508522,15606
wo,0.0,0.0,0.921028412017,0.0128612017167,0.0120515021459,1165
omi,0.0,0.00652801302932,0.0,0.0163121606949,0.968517698154,921
omm,0.00202459546926,0.00698787652477,0.00420492905153,0.00898620861339,0.963944012945,4017
wu,0.0,0.0,0.945774125874,0.00524423076923,0.0131438811189,1144
omp,0.00229204963235,0.0,0.00598345588235,0.0174716452206,0.954044898897,2176
eln,0.0,0.0089,0.0,0.0143,0.9714,559
omy,0.0,0.0,0.0180461876833,0.00834134897361,0.948159090909,2046
wy,0.0,0.0,0.00687184115523,0.0169693501805,0.957040577617,2770
cow,0.012,0.0,0.0,0.0219,0.9482,502
elm,0.00332894555139,0.00685217251923,0.0301333916946,0.0141294066877,0.932030686526,40552
ilk,0.00495761891719,0.00384898201406,0.0230672875011,0.00893023829088,0.942215867799,10953
ilt,0.00341500392773,0.00344051060487,0.0427411233307,0.01270572663,0.925992827965,12730
und,0.00377111515675,0.00707953077429,0.00794115341891,0.0180678299597,0.94841969164,97224
uni,0.0,0.0,0.0061,0.0399,0.942,1982
unk,0.00788247131771,0.00423238406416,0.0333627018899,0.0119439924999,0.926762105967,53866
col,0.00779981804949,0.00635371179039,0.0251501091703,0.0201768558952,0.923231804949,5496
anf,0.0,0.0,0.0,0.0129,0.979,618
kwo,0.0,0.0,0.921028412017,0.0128612017167,0.0120515021459,1165
sah,0.0,0.0,0.9234,0.0107,0.02,2153
kwu,0.0,0.0,0.9498,0.0,0.0186,538
sao,0.0,0.9389,0.0,0.0062,0.0252,2259
eag,0.0,0.0115,0.0,0.0,0.97,433
cam,0.0,0.9051,0.0,0.0,0.0368,706
fry,0.0106,0.0,0.0,0.0276,0.9469,471
gli,0.0038,0.0,0.0,0.0159,0.9659,1318
elp,0.00278530751708,0.0051727139603,0.00241239830784,0.00831438333876,0.971358688578,6146
gny,0.0,0.00683527803099,0.0,0.00685642661805,0.971307383774,2194
aio,0.00194903199231,0.0120635864342,0.00479553755321,0.029386145819,0.938220650831,7283
aie,0.0,0.0111,0.0,0.0166,0.939,721
gni,0.0,0.00468903467666,0.0,0.0140287722587,0.960623149016,1067
aia,0.000895472511678,0.00682477542221,0.00862288896874,0.0335901006109,0.916638070428,5566
aib,0.0,0.0078467189729,0.00427924393723,0.0135523537803,0.96935171184,1402
iu,0.000279433102256,0.942895880172,0.00104787413346,0.0126902712843,0.021515657106,68231
tze,0.00316966772538,0.00281235035426,0.00146877595895,0.021501160518,0.956892560469,8186
opp,0.00280561979361,0.00424876289942,0.0171660485604,0.0137783183247,0.951521580434,56301
dhi,0.00358418367347,0.911318686224,0.00152327806122,0.0104538903061,0.024465625,4704
nik,0.00140288248337,0.0142940297282,0.000495524349183,0.0142402151597,0.950928434754,24354
adl,0.0,0.0,0.0,0.0,0.979,476
nin,0.00313699602932,0.00458978313989,0.0280655365506,0.0167761224801,0.935649300041,39288
nil,0.0138,0.0138,0.0,0.0,0.9333,435
nim,0.0,0.0134,0.0,0.0201,0.9374,447
kis,0.0,0.0,0.0,0.0278863832614,0.919940385254,3011
nia,0.000873561811506,0.0122339837281,0.0123935488516,0.0495924256606,0.906956850745,13889
nig,0.00444383496636,0.0047715155068,0.00260421796053,0.015542439215,0.962573142953,35823
nip,0.0129,0.0,0.0,0.0112,0.9596,1163
rnd,0.00653210010881,0.0,0.0,0.0217464635473,0.961904678999,919
jka,0.0,0.00207265375212,0.00112123377845,0.0118510814369,0.970656234719,5317
rny,0.00273144506585,0.00308839978351,0.00110716218654,0.0144559263936,0.963541602021,5543
epp,0.00385190339415,0.00356281807516,0.0277257656054,0.0118260528339,0.940669052146,24719
epo,0.0,0.0,0.0025,0.9076,0.0826,5692
epf,0.0,0.0,0.0,0.00762062552832,0.975464666103,1183
yek,0.0,0.0044,0.0,0.0322,0.9313,1586
yel,0.0,0.00478231469441,0.0,0.0177788903338,0.959245513654,2307
yen,0.000432099999685,0.93834689748,0.0026972574831,0.012507011773,0.0259257300185,317081
yea,0.00494488398631,0.00236849562571,0.00617773868391,0.0162652624572,0.953711182959,10516
yee,0.0,0.0,0.0,0.0236,0.9568,509
yez,0.0,0.0,0.0,0.9567,0.0282,994
yer,0.00453899492347,0.00804256452536,0.0418766270468,0.0155310404214,0.917064103363,654975
yeu,0.00935974859588,0.0050526076491,0.0313210751538,0.0187565926718,0.91894953196,3739
hai,0.00106462695013,0.918683113734,0.0027307412497,0.00841789669388,0.0338767439981,12371
bny,0.0,0.0,0.0,0.0304,0.9658,526
hao,0.0,0.93081573039,0.000362374416301,0.0149744846941,0.0150046790246,42402
elb,0.0,0.0,0.0066,0.0216,0.9586,1666
elc,0.0,0.0,0.0044,0.0266,0.9557,1128
hae,0.0,0.9406,0.0045,0.005,0.0315,2002
elz,0.00170226274907,0.00608669368457,0.0152035460993,0.0130105876393,0.949852313408,5922
elt,0.0109594218851,0.00393069799718,0.0516659950707,0.0137729008638,0.905304579933,41791
ops,0.00751123424297,0.00455567253082,0.00414229117606,0.0144207507965,0.953307369442,7219
opy,0.0,0.0071,0.0,0.0095,0.9679,842
opf,0.0,0.00306465684085,0.00044728301325,0.0137750409409,0.969777303856,13434
lco,0.0,0.000594966208343,0.00362887438825,0.0390377883943,0.941852971335,8582
opo,0.0,0.0,0.0,0.032862687634,0.95494231594,1399
oph,0.0,0.0084,0.0433,0.0241,0.9182,831
lck,0.00649463601533,0.0107187739464,0.0,0.017616091954,0.941389846743,2610
rnt,0.0,0.0,0.0,0.0,0.9761,418
vde,0.0,0.0,0.0,0.0,0.9788,612
olb,0.0088,0.0044,0.0048,0.0136,0.9589,11644
olf,0.0079071027802,0.00418587459351,0.00986466243759,0.0135891002153,0.951884197087,87332
oli,0.00137552758124,0.00538945756378,0.00122233759074,0.0269182639591,0.947203307911,32649
olo,0.000160874348769,0.00708255832767,0.00229826877649,0.053076659224,0.920726974727,30903
olp,0.00550578553616,0.0,0.0,0.0154833915212,0.960102842893,2005
oly,0.00222481463174,0.00297281265447,0.0368316361839,0.0212642362827,0.916713643104,4046
olz,0.00366797829037,0.00450199651095,0.00224045911445,0.0143420458007,0.964513668208,36113
ici,0.0,0.0010972557629,0.0,0.0261412550311,0.946405451884,5466
ich,0.00335080017614,0.00496683487669,0.0227833925283,0.0157769486917,0.939219376509,311119
yko,0.0,0.0,0.0026,0.0092,0.9703,1956
cny,0.0122,0.0065,0.0,0.0168,0.9588,1069
icz,0.00103578443196,0.00210490334585,0.000414730712243,0.012751948589,0.969571234623,29021
umm,0.00306267741935,0.00617555913978,0.0140257419355,0.0159691989247,0.948864946237,18600
fon,0.0078,0.0046,0.0202,0.0372,0.917,1531
ict,0.0123,0.0081,0.0125,0.0202,0.9329,16846
hse,0.0028704,0.0051428,0.0025714,0.0145994,0.9616956,3500
chs,0.00221758050899,0.00444534555542,0.00365756844771,0.0163955735134,0.962882224098,41455
pla,0.0,0.0,0.0,0.00567733549959,0.969087489846,1231
zur,0.0019,0.0058,0.0018,0.0126,0.9671,8721
obl,0.00391361502347,0.0,0.0054627543036,0.00704874804382,0.967937949922,1278
cht,0.00196417527736,0.00421509685445,0.00155041509051,0.0124550661352,0.968728904009,78778
zub,0.0,0.0,0.0,0.00482188099808,0.976010364683,1042
zua,0.00153793103448,0.0,0.00184002463054,0.94335760468,0.0458375,3248
eps,0.00228178694158,0.00418327605956,0.011104696449,0.0130226804124,0.956085337915,2619
zum,0.0,0.0064,0.0,0.0128,0.953,1404
ppa,0.000564146940598,0.00413527244305,0.00190631978562,0.0683363220188,0.914258820902,8956
chu,0.0044,0.0029,0.0044,0.0152,0.9686,2036
ppe,0.00198403840482,0.00328460530196,0.0490805321624,0.0158822394075,0.909484330046,30517
ppi,0.00105378593129,0.00233929656462,0.00455299135312,0.0245448586118,0.952539319935,8558
ppo,0.00417506959911,0.00454243457684,0.00153321269488,0.0215865116927,0.955719425111,14368
ahl,0.00379936655859,0.00896679049194,0.00306291361577,0.0133547980503,0.958109717421,93142
ahm,0.00134774483378,0.0425826325247,0.00242287511231,0.0117569721473,0.927136909254,11130
sou,0.0,0.9074,0.0,0.0085,0.0442,702
sow,0.00138910315985,0.00185422862454,0.00326452137546,0.01068125,0.968416937732,4304
sov,0.0,0.00652885032538,0.0,0.0,0.913251843818,922
sox,0.0,0.0047,0.0,0.0119,0.9743,2528
ahy,0.00233176190707,0.00462812060009,0.00213421372044,0.0130922464437,0.965360387435,20597
wab,0.00258621359223,0.00451664607237,0.00221027360989,0.0138507149162,0.965274774934,16995
uyl,0.0,0.0,0.0,0.0316,0.9488,664
gid,0.0,0.0132,0.0121,0.0176,0.945,909
wax,0.0355,0.0,0.0,0.0184,0.9099,1410
gim,0.00838924485126,0.0,0.0,0.0,0.973311670481,1311
zco,0.0024083555808,0.00474198807157,0.00123381993752,0.949731511881,0.0391140547193,52815
kop,0.00205970072239,0.00311042311662,0.0,0.0144489164087,0.968530082559,3876
mtz,0.0,0.0,0.0153,0.0153,0.9457,589
azy,0.0,0.0,0.013,0.0,0.9696,460
azz,0.002,0.0052,0.9182,0.0229,0.018,3056
ckl,0.0,0.0,0.0,0.0136751578947,0.967378736842,950
azs,0.0,0.0093,0.0,0.0257,0.9444,972
mte,0.0,0.0,0.0,0.0066,0.9641,752
nno,0.0,0.0468017486462,0.0021463898917,0.0220951940433,0.907578756769,8864
nni,0.000488807461692,0.00368508105707,0.00244355762825,0.0234061114812,0.953764135021,22515
nh,0.000175417598316,0.957428263697,0.00100981630058,0.00617993774387,0.013986832683,68427
nk,0.009718003516,0.00564167307898,0.0392738349725,0.0138054691844,0.918495147801,356086
nl,0.0,0.0,0.0,0.0,0.9758,414
nf,0.0,0.0,0.00773565217391,0.0154382608696,0.967154782609,1035
tio,0.0,0.0,0.0,0.00496312127237,0.975119085487,1006
tik,0.0,0.0,0.0,0.0115,0.9752,524
cor,0.0062358778626,0.0033320610687,0.0033320610687,0.0231503816794,0.946797709924,4192
yka,0.00303906432749,0.0,0.00140364912281,0.0121799064327,0.972177169591,4275
sno,0.0,0.0,0.0,0.0217,0.9445,739
yke,0.00486119659248,0.00446498712276,0.0422944495807,0.0146687281252,0.920518183319,30286
roh,0.00266197767734,0.00509433631584,0.00259976016973,0.0100583617747,0.964479955724,10841
roi,0.0,0.0,0.0,0.0261,0.9575,1036
osz,0.00107042162162,0.00130062702703,0.0,0.0129986810811,0.973201902703,4625
rom,0.00384819868566,0.00911447249331,0.00678216000315,0.0145471971903,0.950923762396,101648
roa,0.00247249933564,0.00954127956418,0.0092161825671,0.919396866862,0.0539369505714,75260
roc,0.0,0.0,0.0,0.019,0.9638,525
rog,0.0,0.0172535303777,0.0,0.0237912972085,0.94334729064,1218
osi,0.0,0.00189162427541,0.00154291967349,0.0210626049923,0.961774624394,8453
lli,0.000582054278151,0.00515535816846,0.00579522772133,0.0378699344464,0.933780849491,151479
rou,0.0,0.0,0.0,0.0,0.9329,477
vet,0.0044,0.0033,0.0148,0.0312,0.9393,1829
vez,0.0104423341016,0.00987269278669,0.0025557682122,0.915538240501,0.0569569611253,209571
vee,0.0,0.0,0.0,0.00571857482185,0.966746128266,2105
vec,0.00274200601257,0.00135640885488,0.00192522547144,0.0117756490844,0.972922355835,3659
veo,0.0044,0.0051,0.0038,0.914,0.0601,1581
vek,0.0,0.00530565371025,0.0,0.016795229682,0.952292226148,1132
lre,0.0,0.0,0.0,0.0128,0.9523,545
lry,0.0,0.0,0.0,0.0,0.9839,435
erp,0.0,0.007,0.0,0.0235,0.9468,1279
hme,0.0,0.00587264770241,0.0,0.022252297593,0.935826695842,2742
dil,0.0,0.0,0.0,0.0109,0.9739,459
did,0.0,0.0161,0.0138,0.0,0.9424,434
gui,0.00151254105703,0.00644699910421,0.00114034040012,0.914204195282,0.0722046655718,13396
gur,0.0,0.0,0.0,0.0131,0.9629,458
gut,0.0,0.0,0.0125,0.0113,0.9643,1596
ruk,0.0,0.00304101265823,0.0,0.00454015189873,0.975697518987,1975
hto,0.0068,0.0062,0.0062,0.015,0.9549,1462
tny,0.00238255366671,0.00324062538777,0.00188103983124,0.0122953964512,0.971665405137,8059
ruh,0.0038,0.0027,0.0029,0.0108,0.9725,7296
hti,0.0102,0.0,0.0,0.0153,0.9506,1761
dew,0.0,0.0,0.0079,0.0181,0.9569,882
zzy,0.0102,0.0068,0.0051,0.0229,0.9483,1180
oes,0.000856530437268,0.00284815661618,0.0177213203773,0.0268614889969,0.915135753072,6998
oep,0.0,0.0,0.0,0.0,0.9639,471
erb,0.0023,0.0058,0.0222,0.0116,0.9501,3107
oew,0.0029,0.0188,0.0074,0.016,0.944,1751
ngg,0.0,0.0,0.0,0.0211536290323,0.95761875,992
rud,0.0,0.0084212987013,0.0,0.0162207792208,0.960378441558,1540
ydt,0.0,0.00648795472918,0.0,0.00486596604689,0.9806065481,1237
oet,0.0,0.0,0.0,0.0152,0.9646,396
box,0.0,0.0069,0.0,0.0059,0.9706,2038
zzo,0.00153948626789,0.00295234023642,0.00150164074305,0.0297437792196,0.952055676829,56255
ekh,0.0,0.9117,0.0,0.0047,0.024,2129
bot,0.00511670167064,0.00662539379475,0.0281854558473,0.019237451074,0.930007398568,20950
eka,0.9844,0.0,0.0,0.0,0.0,513
ipf,0.017,0.0,0.0,0.0,0.9603,529
ipi,0.0,0.0057,0.0,0.0138,0.9724,871
jas,0.00193767536864,0.00613279759773,0.00324296572377,0.940324809577,0.0444329806972,122884
uzy,0.0,0.0,0.0232035131744,0.0144499372647,0.945394855709,1594
oeb,0.0,0.0,0.0276,0.0186,0.9378,3119
ayl,0.0,0.0,0.0179,0.0169,0.941,1897
ayi,0.0,0.0,0.9315,0.019,0.019,788
ayd,0.0,0.0,0.0107,0.0089,0.9716,563
oef,0.0,0.031,0.0,0.0109,0.9307,548
rut,0.0,0.00922853185596,0.0,0.00739058171745,0.9667388735,1083
ksa,0.0,0.0,0.0,0.0,0.9833,479
ayr,0.0106,0.0106,0.0059,0.0294,0.9224,850
oog,0.0,0.00730376186998,0.00218743608473,0.0113211833455,0.966400986121,2738
oof,0.00747147056353,0.00311573024271,0.0190011589821,0.0140213739817,0.938197388091,11907
oob,0.0,0.0,0.0081,0.0152,0.9579,1116
ooi,0.0,0.0124922264875,0.0,0.0125092130518,0.955840882917,1042
jek,0.0,0.00698936691151,0.0,0.0154062259531,0.959421266177,2859
oop,0.00421735301215,0.0133417437465,0.0121849312314,0.0137535912491,0.933588530524,24866
oos,0.00321909206619,0.00543314806958,0.00607673737802,0.0193303818413,0.952581081884,23570
ooy,0.0,0.00643006416132,0.0,0.0119332722273,0.964283868011,1091
ooz,0.0,0.0,0.0531,0.0,0.9254,603
ulz,0.0021,0.0053,0.0024,0.0147,0.9657,23676
cay,0.00845534709193,0.00339871794872,0.0363082551595,0.0102790494059,0.926799437148,3198
ult,0.00780611327758,0.00289501386775,0.0452323045482,0.0117014316101,0.917102453444,95906
cat,0.00542559241706,0.0216900473934,0.00677582938389,0.0236869329722,0.913356127285,1477
cak,0.0,0.0,0.0,0.0,0.9291,522
uli,0.004,0.0249,0.0079,0.0407,0.9145,1767
ull,0.00729731129677,0.00467612713404,0.0557998772248,0.0166125579368,0.902206225209,137650
fle,0.00293236549957,0.00194998170062,0.0274765523972,0.0122992558253,0.938868000488,8197
jei,0.0,0.0,0.9357,0.0,0.0165,544
kye,0.0,0.0,0.9642,0.0,0.0119,503
spa,0.0,0.0,0.0,0.012,0.9707,750
nyk,0.0,0.0043,0.0,0.0051,0.9719,1173
nyo,0.0,0.0,0.0,0.00769636363636,0.962913286713,1430
ild,0.00379182535856,0.00707936904905,0.0217751386043,0.0203881463179,0.932768588044,33188
nya,0.0,0.0,0.0,0.0228,0.9612,438
nye,0.0,0.0095,0.0,0.0236,0.9539,846
maw,0.0191072916667,0.00258854166667,0.0,0.0117510416667,0.947906944444,2304
sna,0.0035,0.0035,0.0083,0.0153,0.9563,2288
may,0.00621385450771,0.00897602012297,0.030533394554,0.0129421704065,0.924602371636,12523
yla,0.00336221903396,0.00288780487805,0.0,0.0128923959828,0.965076327116,2091
mac,0.00545763039279,0.0,0.00546490663232,0.0144639407598,0.951396458467,3106
enc,0.0,0.0,0.00465833333333,0.0102125,0.962006944444,1080
hob,0.0,0.0,0.0,0.0137,0.9648,512
mak,0.0,0.0,0.00475842696629,0.0112578219533,0.967590319793,2314
maj,0.0,0.0,0.0,0.0,0.9065,535
sz,0.000694464794465,0.0022654049654,0.0,0.0147766091052,0.965464428164,17199
sy,0.00169094148878,0.00410127641005,0.0125798392669,0.0230674206335,0.94427104622,27499
sk,0.00823238964697,0.00370410333609,0.0478515029379,0.0156241797375,0.910055005746,61779
ghe,0.00215618844386,0.00343392974393,0.00247562376888,0.0187178266579,0.960898177938,6092
si,0.000642128282692,0.0173796111828,0.00279124005318,0.0299275784667,0.932217179823,103802
ghi,0.00184440366972,0.00335914373089,0.0,0.0275255963303,0.919577278287,3270
ttz,0.0,0.0,0.0842,0.0,0.9029,1164
lse,0.00473939215108,0.00610662929084,0.0401402872037,0.0216234090686,0.909979059703,10167
lsh,0.00295509603179,0.00499331570685,0.0141142346375,0.0146783382032,0.952319173308,133133
lsi,0.0,0.0,0.0,0.0121,0.9758,496
tti,0.000498805590308,0.0242471807868,0.00324176049787,0.0338488766989,0.919002712818,93519
ttl,0.0,0.0,0.0,0.0,0.985724881141,1262
hoi,0.0003,0.9646,0.0015,0.0035,0.015,36390
mbi,0.0,0.0,0.0,0.0196,0.9647,510
jia,0.0028,0.0144,0.0049,0.9325,0.0399,66534
gth,0.0,0.0,0.0,0.0213,0.9521,751
geo,0.0,0.0,0.0,0.0135,0.9595,444
hou,0.00034944955512,0.947059553612,0.00218713115166,0.00550202583823,0.0291583923993,19893
hos,0.0,0.0102800575658,0.0,0.0238608963816,0.937504152961,2432
nom,0.0,0.0,0.0,0.0,0.9705,611
tje,0.0,0.0,0.0,0.0207699266504,0.967605256724,1636
nod,0.0,0.0106,0.0,0.0177,0.9593,565
gam,0.0,0.0,0.0103,0.0563,0.9268,1066
noa,0.0,0.0,0.0,0.9617,0.028,679
umz,0.0,0.0,0.0,0.0,0.9848,461
noz,0.0028889860687,0.0089355852922,0.00298860627797,0.925720968847,0.0554385085812,118223
nou,0.0,0.0,0.0,0.0267,0.9345,412
nov,0.0,0.0,0.0,0.0107366615463,0.942141193036,3906
nop,0.00202034860154,0.0,0.0125966761248,0.00607604377787,0.965533481962,2467
ahr,0.00787313869291,0.00762321295952,0.00584233661344,0.0189802172299,0.947353314148,21544
ahs,0.00787022556391,0.00599827067669,0.00713458646617,0.0131642105263,0.951129548872,2660
gbo,0.0,0.0,0.9191,0.011,0.0165,544
ek,0.00242806484726,0.0175266475523,0.0162253555626,0.0129636221727,0.934954578953,282510
ej,0.0,0.00407990536278,0.0,0.00758719242902,0.968773817035,3170
ec,0.00147207401841,0.00116188552821,0.000405113031499,0.0161631692655,0.966769669359,31938
eb,0.00532930503979,0.00596395402299,0.0264551264368,0.0160611140584,0.927246312997,28275
ez,0.00426042107327,0.0103259385435,0.0051616429832,0.918764006467,0.0567668461177,7609317
ejl,0.0,0.0,0.0,0.0232,0.9635,603
ejo,0.00261543573478,0.0290157529074,0.00413331822987,0.906097858055,0.0520011396246,72831
bly,0.00649115523466,0.000897996389892,0.000894602888087,0.0169528158845,0.962649314079,5540
bla,0.0,0.0,0.00449669007021,0.933778435306,0.0561467903711,1994
lmy,0.0,0.0040301406564,0.012060348292,0.0140527126591,0.959127394508,1493
ovy,0.0,0.0,0.0108,0.0072,0.9519,1392
rli,0.0,0.0,0.0,0.0685821299639,0.91066633574,2216
rle,0.00472419223936,0.00474279321766,0.0332448858277,0.0221290640286,0.92207199105,45589
orr,0.0079154438883,0.00433244863014,0.0229341675448,0.0162165173867,0.934468901475,15184
orp,0.00927415894686,0.00423137493905,0.0181610190151,0.0183217942467,0.938212091663,8204
orl,0.0,0.0,0.0062,0.009,0.9641,1450
orf,0.000693857674837,0.00213302369358,0.00147792282195,0.0132574129394,0.967341809551,24437
org,0.00107049155609,0.00513835946924,0.00619987937274,0.0266709288299,0.947399155609,6632
orb,0.003375,0.00215,0.0,0.011325,0.965375,3264
zba,0.0,0.0,0.0,0.0077,0.9754,650
osu,0.0,0.0,0.9293,0.0071,0.013,849
yus,0.0,0.0,0.0241343126967,0.012570409234,0.946476495278,953
yum,0.0,0.0,0.0,0.0,0.9684,824
yun,0.0,0.945106886228,0.00425628742515,0.00174760479042,0.0302042914172,4008
onn,0.00855341569767,0.0124495594113,0.0270366824128,0.0142851426235,0.922611696039,22016
zak,0.00100143520566,0.00295209862893,0.000758854489164,0.0106282662539,0.970919352057,45220
xe,0.0,0.00459728334692,0.0119602010323,0.00867473512632,0.95785607172,3681
onz,0.0,0.0065,0.0,0.0137,0.9701,1237
zat,0.0,0.0,0.0096,0.0083,0.9705,1560
zau,0.0,0.0,0.0,0.0,0.9574,399
xt,0.0,0.0151982142857,0.0116227678571,0.0133803571429,0.945533035714,1120
iao,0.0,0.95867083028,0.0,0.00512793424772,0.0147678462988,9551
iak,0.000751994223768,0.00211920190372,0.0007662944658,0.0120068358859,0.970396995953,49167
iag,0.0,0.0,0.0,0.0112,0.9663,623
uks,0.0,0.0,0.0,0.0104,0.9753,770
iaz,0.00219231125448,0.0144547604441,0.0072744873444,0.909194049989,0.0617415891235,252655
iau,0.0,0.0,0.030295157385,0.010300968523,0.942496610169,1652
hue,0.0043291858136,0.00753646585534,0.0243129929809,0.0240941120032,0.928265532158,59409
hug,0.0,0.0105,0.0,0.006,0.9693,1337
hul,0.0,0.0,0.0,0.0,0.984272156863,1020
huh,0.00172157450797,0.00299010309278,0.00262766635426,0.0105106654171,0.974136794752,5335
hui,0.0,0.9355,0.0069,0.0192,0.02,1303
huk,0.0,0.00169711080897,0.0,0.0105569340585,0.944256526173,2942
hut,0.00178952296032,0.00153965670976,0.0,0.016032790905,0.966798506465,4486
huu,0.0,0.9695,0.0,0.0042,0.0042,1444
hup,0.0224,0.005,0.0081,0.0294,0.9203,2586
rze,0.0,0.0,0.0,0.0073,0.9746,827
rza,0.00286522614639,0.0130180106053,0.00221581346698,0.901567389164,0.0749183081811,178778
rzi,0.0,0.0,0.0,0.0475,0.9309,463
egs,0.0,0.0,0.0,0.0,0.9818,658
zsa,0.0,0.0,0.0,0.0305,0.9188,394
sai,0.00160243699321,0.929987201403,0.00143074731536,0.00393101030024,0.0250163751918,22815
sam,0.0,0.00213481228669,0.0,0.0119478668942,0.97353809727,2344
anh,0.0,0.924053450844,0.00622805362463,0.00421107249255,0.0268042701092,4028
sas,0.0016184391753,0.00879655245481,0.00198219015532,0.929582084207,0.0545623821329,47193
anz,0.00183156148148,0.00806918814815,0.0054176237037,0.053864557037,0.920373066667,33750
rmi,0.0,0.0,0.0,0.0,0.9722,575
zog,0.00156728644365,0.00398248876019,0.00572206812467,0.0155423988417,0.963983448907,13123
zos,0.0014110330993,0.00113452579962,0.00121556335674,0.911264148,0.0804102808425,17946
zot,0.0,0.0062,0.0,0.0125,0.9651,803
zov,0.0,0.0,0.0,0.0,0.9629,404
zow,0.0,0.0,0.0,0.00450406932931,0.972872494348,1327
uys,0.0043,0.0052,0.0078,0.0181,0.956,1160
iwa,0.0,0.0,0.0,0.0133,0.9663,980
fca,0.0,0.0,0.0,0.0,0.9904,415
rlt,0.0064,0.0,0.0,0.0191,0.9643,784
uyn,0.0,0.00242551957467,0.00340135331078,0.00966558724021,0.963289995167,2069
mry,0.0058,0.0058,0.0175,0.0082,0.9497,855
eha,0.00488454011742,0.0,0.0,0.0068782778865,0.969658317025,1022
axe,0.0,0.0066,0.0,0.0078,0.9734,1657
mre,0.0057,0.0,0.0,0.0153,0.9666,1047
dli,0.0,0.0,0.0,0.0,0.958,429
tke,0.00107426807595,0.00374060892339,0.000509054344776,0.0110271630343,0.971153760172,21382
tka,0.0,0.00221260744986,0.0,0.00748807582103,0.971127352876,4537
tko,0.0010423711125,0.00103882279274,0.0,0.0110595700271,0.972021456898,4791
nle,0.0,0.00345798816568,0.00148572485207,0.00690253944773,0.974846918146,4056
nli,0.0,0.0,0.0,0.0253,0.9418,395
tky,0.0,0.0087,0.0,0.0087,0.9687,575
ehy,0.0029929151409,0.00603891100143,0.0116066709123,0.0130441490209,0.955548256647,6281
ffy,0.00438035902111,0.00550135334128,0.0590400906902,0.0147794147208,0.903964710282,42783
ger,0.00530971672829,0.00384145153722,0.0326967188888,0.0142794848861,0.930501477299,1270088
fft,0.00380137544575,0.00459136525726,0.00177794192562,0.0137490320937,0.964887570046,3926
ssy,0.000848580456976,0.00398489547885,0.00311351968887,0.0247621390374,0.953247778318,20570
get,0.00147435515873,0.00322197420635,0.011036780754,0.0174974330357,0.950781312004,8064
gey,0.00328660567246,0.00456248856359,0.0437298261665,0.0152112168344,0.90761032022,5465
lug,0.00473519584445,0.00643012775516,0.00490430998175,0.0111273339885,0.961407342412,7123
geb,0.0,0.0,0.0093,0.0105,0.9662,857
ssi,0.00110409913528,0.0165742026178,0.00420472050276,0.0400638992581,0.923481184142,42326
dyk,0.0,0.0272,0.0,0.0123,0.9309,405
gen,0.00445537147584,0.00404142352494,0.0294661323138,0.0144305810808,0.933072038143,89454
cik,0.00125418537878,0.00252879334462,0.00124990061106,0.0108379371273,0.971898439226,13583
ayt,0.0,0.0,0.0215,0.0108,0.9462,836
uw,0.00172692175112,0.00239848328163,0.0,0.0127698379869,0.973114064116,2901
rms,0.00419479386224,0.00406305960712,0.0270001601889,0.0153099190625,0.936635523986,23722
lny,0.0,0.0,0.0,0.0073,0.979,1096
uto,0.00074402054292,0.0161723447413,0.00269781623581,0.0425748306072,0.920768128264,23171
rme,0.0293048778035,0.00623172080861,0.0207250930303,0.0169155888565,0.912614281404,9943
lne,0.0089,0.0132,0.0092,0.0185,0.9386,6055
ffe,0.00476484058182,0.0046393943809,0.0584246060076,0.0163244360263,0.901124848838,41181
uts,0.00526932989691,0.00801731958763,0.0194637628866,0.014959742268,0.934184278351,7760
uve,0.00389758812616,0.0058841119919,0.00505793557092,0.0212654579187,0.944167178276,5929
yth,0.0030426825311,0.00452365062196,0.0186896863169,0.018438404543,0.943841384532,18490
vka,0.0,0.0,0.0,0.0100195760599,0.977524750623,1604
jl,0.0,0.0,0.0,0.0232,0.9635,603
jh,0.0,0.9133,0.0,0.0,0.0133,450
tug,0.0,0.9077,0.0,0.0209,0.0331,574
uty,0.00891069837801,0.00557221615262,0.0286531893436,0.0188113454912,0.92320915203,11899
dky,0.0,0.0148736450584,0.0,0.0106263549416,0.964921360255,941
dke,0.00221017949348,0.00417998524711,0.00308197688714,0.0129112859602,0.965333685763,8134
hvi,0.0,0.9049,0.0,0.0146,0.0366,410
vre,0.00605996737104,0.0054266003729,0.0163833281541,0.0170232364823,0.942270773773,12872
pov,0.0,0.00358483045806,0.0,0.0029760856633,0.930981856038,1681
por,0.0,0.0,0.0,0.0,0.9806,568
pon,0.0,0.0,0.0133,0.0,0.9668,452
pol,0.0,0.0059,0.0,0.0178,0.9621,845
imp,0.00554584103512,0.00648059149723,0.00275425138632,0.0119775415896,0.960749861368,2164
tue,0.0,0.0,0.04,0.0182,0.9145,1099
zpe,0.0,0.0,0.0,0.9144,0.0814,958
yze,0.0064,0.0091,0.0412,0.0144,0.9123,1871
eyh,0.0,0.0133,0.0,0.02,0.9578,450
eip,0.0,0.00507950310559,0.0,0.0180968944099,0.962727950311,1771
eis,0.00214642430939,0.00729329502762,0.00772532375691,0.0183862541436,0.9418428,45250
eir,0.0039186015955,0.0045918442046,0.0566840403566,0.0189229985922,0.902542515251,21310
eit,0.00363265417899,0.00284952349655,0.00316760871947,0.0139066600942,0.964957530945,9129
hde,0.00110119863014,0.0043676981409,0.0,0.0146531922701,0.966854134051,8176
eib,0.0,0.00430829743099,0.0448337003351,0.0172533429073,0.919425355034,6267
eig,0.00200166473501,0.00609817722052,0.0102079443683,0.0171699504794,0.948688209883,9491
eif,0.00213768669101,0.00611624626618,0.0144440922668,0.0104712578825,0.951385811484,6026
eik,0.0,0.0,0.0106,0.0079,0.955,755
eim,0.00303481021689,0.00458769263699,0.00632988013699,0.0128547695491,0.962200749144,28032
ein,0.00163515216194,0.00822939072111,0.00706027810291,0.0160258445791,0.951739750585,348576
ivy,0.0107,0.0,0.0,0.0,0.974,655
cea,0.0014536769922,0.00266507448569,0.0120220619532,0.9102512099,0.0689464570032,12687
paw,0.0,0.0,0.0,0.0135,0.9613,594
pay,0.0,0.0,0.0113,0.0113,0.9752,443
uha,0.0,0.0133,0.0,0.0084,0.9639,830
pac,0.0,0.0,0.0,0.0,0.9874,477
lfe,0.0118713129258,0.00433866726003,0.0363729150111,0.0144380315119,0.920626177988,94377
pak,0.0,0.0,0.0,0.0126031134173,0.972099530516,4047
oio,0.0,0.00611707317073,0.0,0.0109597560976,0.965862682927,820
oin,0.00501946184877,0.00287171058278,0.0608105827826,0.0114993777358,0.904054244271,23302
oil,0.00393487463367,0.00262324975578,0.0169130576359,0.0182385867796,0.942354119179,3071
cek,0.000910884524745,0.0021670102121,0.000629712490181,0.0119715506677,0.969051635507,31825
oie,0.00327397418165,0.00425429921623,0.0168461675888,0.0122072671738,0.951119709544,17352
oia,0.0,0.0033640549273,0.000675121163166,0.0254366585891,0.955051803985,7428
sed,0.00373103022825,0.0,0.0,0.00429068476249,0.972224614436,1621
tiz,0.00478918054729,0.006784672442,0.00638557406306,0.923370391973,0.0541431323431,215168
yhe,0.0,0.0,0.0,0.0109,0.9847,459
cco,0.00211376311396,0.00348615963518,0.0030418051783,0.0310447182835,0.94615476588,40129
cci,0.000485422777225,0.00293540955954,0.00191143770692,0.0221800929015,0.958643990987,79439
uhr,0.00130968945463,0.00482703829694,0.00220783496104,0.0157990014265,0.966872808076,9113
cca,0.00103940644263,0.00945310200835,0.00138949095248,0.0587454066415,0.913308411215,20116
uhs,0.0,0.00474142433234,0.0,0.0148474777448,0.97389578635,1685
gda,0.0,0.0162,0.0,0.0173,0.9426,924
uid,0.0,0.0,0.0659,0.02,0.9002,501
ucs,0.0,0.0079,0.0,0.0237,0.9369,887
pez,0.00467818547418,0.010321417461,0.00604696891782,0.915458425369,0.0582889273995,628109
bov,0.0,0.0,0.0,0.0,0.9293,750
amm,0.00427242794745,0.00688001999754,0.0449847650289,0.0149801199853,0.916236965636,57007
mov,0.0,0.00344144144144,0.0,0.00344144144144,0.927202494802,1443
mou,0.0,0.0,0.0,0.017,0.9595,766
amp,0.00542027486276,0.00432266746337,0.0516979559572,0.0229283128556,0.901249739204,80331
tig,0.0017892745685,0.00502061015222,0.00930394242405,0.0169976307242,0.95710201898,15701
zlo,0.0,0.0136,0.0,0.0161,0.953,808
rpi,0.0,0.0,0.0,0.0081,0.9799,993
eze,0.00493218878249,0.00274658002736,0.0447392339261,0.0146187140903,0.920804404925,7310
eza,0.00253703485348,0.0100403728108,0.00325286977631,0.927099580371,0.0522981446159,57670
dda,0.0,0.0073,0.0,0.0456,0.9226,1227
uch,0.00393671246232,0.0215659795661,0.0338101194799,0.0162466827167,0.910305952109,100519
dde,0.0,0.0,0.0103387596899,0.00515555555556,0.970283204134,1548
cyn,0.0,0.0075,0.0,0.03,0.9489,666
mpi,0.0,0.0,0.0,0.0267885339418,0.963502852253,1753
of,0.00595749404239,0.00333461683181,0.0141883105481,0.0147375956353,0.945638511225,15946
oa,0.00308331391795,0.0184934516326,0.00657676382049,0.905353281392,0.0605345388173,173402
acs,0.00631217359458,0.00702842336568,0.0455203552463,0.0173329023988,0.906127375938,27305
ov,0.0,0.00126057846506,0.000344742268041,0.00714637457045,0.93619478236,17460
yap,0.0,0.9074,0.0,0.0,0.0278,432
yya,0.0,0.9083,0.0,0.0,0.0447,447
bba,0.0,0.0,0.0,0.0176148779103,0.967620783646,1761
orm,0.00963635348837,0.00523019534884,0.00760455813953,0.0165873302326,0.945230846512,10750
ehr,0.00095969807712,0.00606751255166,0.00153398340107,0.012120786229,0.967725796646,29279
log,0.0016499177361,0.0125046396841,0.00234461994077,0.0125,0.962148009214,3039
lok,0.0,0.0,0.00508121827411,0.0213355329949,0.958374111675,985
loi,0.0,0.0168,0.0067,0.019,0.9395,893
hey,0.00427001510309,0.00368788855326,0.0583251896667,0.0130745275895,0.907438387306,113884
hez,0.0048816457854,0.0100733522841,0.00498127120959,0.917877734979,0.0576599007453,442901
lom,0.00271666229795,0.00297842726081,0.0248076452599,0.0122479772827,0.940419335955,11445
ehe,0.0,0.0,0.0,0.0137863202545,0.964979639449,943
lov,0.0,0.0,0.0,0.00991628676471,0.941548529412,2720
hei,0.00722734939759,0.00358228915663,0.0,0.00540722891566,0.96328060241,1660
rju,0.0,0.0,0.0,0.0,0.9857,842
bby,0.0243387344943,0.00543065362595,0.0331316316794,0.0122797829198,0.909616185592,16768
rji,0.0,0.9366,0.0,0.0,0.0,426
ohl,0.00325322727415,0.00685115315824,0.00279424205341,0.0242158084659,0.951262600019,31869
ohm,0.00236407304486,0.00527165541882,0.00237790789996,0.0146080984518,0.961302481143,10076
oho,0.0,0.0,0.0145,0.0165,0.9458,2066
ohr,0.00357273771061,0.00478580812261,0.0045064751275,0.0145488451577,0.962936167259,37451
ohs,0.00182929515419,0.00182378854626,0.0,0.0131836270191,0.971378340675,2724
igs,0.011686972821,0.0,0.0215393626992,0.0,0.931623898782,2134
yoe,0.0,0.0,0.0,0.0256,0.9641,585
yoc,0.0,0.0201,0.0,0.0113,0.9523,797
yoa,0.0032,0.0055,0.0046,0.917,0.0634,2194
igg,0.00674677630687,0.00397541679845,0.0531354493291,0.0129095106854,0.906314946008,22133
ign,0.0,0.0,0.00400160320641,0.0220048096192,0.954880561122,2994
igl,0.0,0.0,0.0,0.00531030818278,0.980900956429,941
hms,0.00783877461707,0.00396074398249,0.00307159737418,0.00877943107221,0.960163107221,2285
mny,0.0,0.0,0.0,0.0126,0.9731,633
alm,0.00131732891832,0.00681890866446,0.0435147764901,0.0176572847682,0.917071240342,14496
sci,0.0,0.0,0.0,0.0363356227106,0.947188675214,3276
sch,0.00190340892026,0.00361117478649,0.00621715844189,0.0175455062031,0.958257213376,206429
oua,0.0,0.9331,0.0,0.0085,0.0121,9776
pta,0.00141026163778,0.900753754672,0.00315331294597,0.00403581379545,0.0414503227999,11772
alz,0.00233433336623,0.00525281752689,0.00205970591138,0.0196210204283,0.960034422185,10133
scu,0.0,0.0050945686901,0.0,0.0146647284345,0.9488685623,1565
alt,0.0188889089548,0.00528370699908,0.0405899792979,0.0118008809408,0.908298731445,22703
alu,0.0,0.0,0.0,0.0583,0.9198,823
alp,0.0,0.0,0.0,0.00432997590361,0.981224289157,2075
smo,0.0,0.0,0.0,0.0143,0.9654,491
tz,0.00278339051337,0.00417741093945,0.0111127378105,0.0155459858856,0.954870310756,1058353
tl,0.00129390018484,0.0,0.0059323844732,0.00831772643253,0.971711090573,5410
ti,0.00500067857467,0.0200503555838,0.00285420315564,0.0497274176226,0.905547329782,187157
rob,0.0,0.00329143258427,0.0,0.0187244382022,0.959754494382,2136
mpf,0.00252616563887,0.00531504812403,0.00132230418996,0.0116029047317,0.968007699844,17351
oug,0.0,0.0152,0.0,0.0,0.9571,396
mpe,0.00381666190068,0.00667393956725,0.00362576494138,0.0127913544943,0.959378905729,10491
ium,0.0,0.0,0.0,0.0,0.9858,423
ajo,0.0,0.0,0.0,0.9522,0.0327,1255
ost,0.00661876414819,0.00514630895548,0.0463946007127,0.013827098789,0.9141059499,133851
gou,0.0,0.0,0.0193,0.0,0.957,674
mpp,0.0,0.0,0.0,0.0112843980878,0.975250152108,2301
uwe,0.0,0.00381361323155,0.0,0.00763333333333,0.966913740458,1572
mpy,0.0,0.0,0.0132,0.017,0.9623,530
oyt,0.00521276547052,0.00445454503845,0.0219349734529,0.0322204137679,0.923124697913,21848
hys,0.0,0.00393807641634,0.0,0.0092115942029,0.972997233202,1518
teh,0.0,0.0,0.9299,0.0083,0.0,842
tek,0.00085536658568,0.00114989995712,0.00043258539374,0.0127186437044,0.972478933829,13994
edt,0.0009796875,0.0052594921875,0.001953125,0.00937005859375,0.970501777344,5120
tec,0.0,0.0,0.0027,0.0115,0.9757,2183
tep,0.00790537928403,0.0024556749539,0.0217695746169,0.0111871049787,0.94420041966,15727
tet,0.0,0.0109,0.0,0.0204,0.9414,734
uiz,0.00275929377531,0.0100937826163,0.00473021790054,0.911263644483,0.066545655752,178017
abo,0.00231588637845,0.0064842005214,0.00275835324788,0.0353265641973,0.938899359114,18412
abs,0.00305800849093,0.0,0.0,0.0277634890004,0.953299884215,2591
xom,0.0,0.0,0.0435515625,0.0156540178571,0.919620758929,1792
ggy,0.0,0.0,0.0129,0.0129,0.9698,464
gge,0.0020983437663,0.00605938967136,0.0060631324987,0.0122655907668,0.95695021518,15336
ggi,0.001196875,0.0396782251603,0.00141169871795,0.0416815304487,0.905255508814,4992
mmo,0.00315176470588,0.00368823529412,0.0245435294118,0.0136105882353,0.935938823529,3825
rul,0.0,0.0,0.0,0.0,0.9764,467
xcy,0.0279,0.0,0.0,0.0164,0.9344,610
rkt,0.0,0.0,0.0,0.0122,0.9829,409
vic,0.00046629885772,0.00108530577356,0.0,0.0115081436009,0.919263190613,12869
vig,0.0081331120944,0.00442912979351,0.0,0.0103253687316,0.956459365782,1356
vik,0.0,0.0042812670035,0.00349762922658,0.0202111154295,0.954947570929,2573
rky,0.00747865448505,0.0,0.00415240863787,0.0149590531561,0.955946843854,1204
rka,0.0,0.00186872265055,0.00271333611169,0.0104250052094,0.970190206293,4799
vit,0.0,0.0,0.0109388888889,0.0143,0.94275,1188
viz,0.0021,0.0021,0.001,0.9406,0.0511,4815
rko,0.000622044807526,0.0030786359698,0.0534747493502,0.0102816809011,0.912962532492,8079
eyd,0.0,0.0,0.0,0.0,0.9753,526
twi,0.0,0.0,0.9144,0.018,0.0,444
rub,0.004,0.0,0.0,0.0103,0.9778,1261
eyl,0.0,0.00575246636771,0.0,0.0230885970532,0.948725752723,1561
eyn,0.0,0.0101555060471,0.0,0.0171682367919,0.960566454488,1571
tzl,0.0,0.0,0.0,0.0,0.9745,471
yva,0.0044,0.0094,0.002,0.9255,0.0548,18769
ivi,0.0,0.0306,0.0081,0.0081,0.9404,621
kle,0.00686255464919,0.00317808479521,0.0512421309078,0.0129987408201,0.911036943243,127861
dez,0.00311443209761,0.0142625666006,0.00584517344655,0.913232811902,0.0583865538718,1175290
jda,0.0,0.00229556875286,0.0,0.0141673823664,0.965319323892,2189
dev,0.0,0.9149,0.0,0.0,0.029,482
dei,0.0,0.0,0.0,0.0694922857143,0.923811238095,1050
dej,0.0,0.0,0.0,0.0,0.9745,901
dek,0.000551273194634,0.00712619487509,0.000413454895976,0.0121047393365,0.962074552173,12449
del,0.00178150110696,0.00779186537461,0.0160193880884,0.0518469567742,0.906291287095,82659
dec,0.0,0.0,0.0,0.0233,0.9645,816
zny,0.000877771892655,0.000878601694915,0.0,0.0102359639831,0.974560010593,5664
ryl,0.0,0.0,0.0117,0.0,0.965,515
ryk,0.0,0.0,0.0,0.011,0.978,727
slo,0.0,0.0,0.0,0.0124741131352,0.96834400767,1043
oys,0.0,0.0,0.0188398176292,0.029802674772,0.93614662614,1645
isi,0.000423831975997,0.0031425289327,0.00302909129876,0.0221986969567,0.957421191599,23330
oyo,0.00155159917639,0.00964459849005,0.00586159688858,0.926414605353,0.0522549988561,43710
rys,0.0,0.0,0.0616573150224,0.0154229540359,0.904426681614,3568
bke,0.0,0.00268894382022,0.0,0.00716521348315,0.97593658427,4450
rug,0.0025,0.0061,0.0027,0.0132,0.9644,7871
fs,0.0012571711355,0.0012676804031,0.000892477955732,0.00792715493972,0.975147435667,5557
bka,0.0,0.0,0.0,0.0108575181159,0.961917391304,1104
fy,0.00438035902111,0.00550135334128,0.0590400906902,0.0147794147208,0.903964710282,42783
fz,0.0,0.0,0.0,0.0,0.9829,526
fe,0.00824222556669,0.00441848064677,0.040271678656,0.0149262577967,0.919429472649,184052
xer,0.011648085901,0.00609579831933,0.0144879084967,0.014956162465,0.938821148459,2142
zik,0.0,0.0010986784141,0.0,0.0113776615272,0.973923091043,5448
ega,0.00493286413586,0.00927092657343,0.00475078621379,0.903003744256,0.0730883071928,200200
ege,0.0,0.000842888008642,0.00624452046573,0.0109294562477,0.969641723683,8331
iti,0.0,0.0,0.0,0.0238356423483,0.963405256694,4071
ffs,0.0,0.0,0.0035,0.0113,0.9682,1417
itz,0.00222085349758,0.00432467183008,0.00903786257277,0.0170159997544,0.954859475235,195478
uva,0.0,0.0,0.0,0.0233,0.9615,858
its,0.00512258381351,0.00434036144578,0.0477339182818,0.013637211891,0.914936439235,15272
ffa,0.00151477483555,0.00118856468207,0.00101099679541,0.0194023444088,0.962899983134,5929
yh,0.0,0.0133,0.0,0.02,0.9578,450
yk,0.00056720179855,0.00210353693677,0.000566688831893,0.0113686013742,0.971848364523,31581
oku,0.0,0.0,0.949393304721,0.0,0.00773381974249,1165
yl,0.0,0.0014319247329,0.00637566576304,0.0153241907192,0.956781581885,6271
uhl,0.0021135279686,0.00433611874387,0.00830892541708,0.0110926790972,0.963048017664,20380
yb,0.0,0.0,0.0,0.0099,0.9674,706
yx,0.00303995157385,0.0102879539952,0.0314634987893,0.0126719733656,0.921313922518,1652
yz,0.0,0.0,0.0,0.0111,0.9683,631
yr,0.00542130736314,0.00571896857016,0.022088173233,0.012543839457,0.938562055482,13554
yu,0.0,0.9423,0.0,0.0054,0.0373,1473
yt,0.00502065332393,0.00429037647681,0.0219189428672,0.0314309821901,0.923975119027,22684
uhy,0.0,0.0081,0.0,0.0195,0.9593,614
yno,0.0,0.0,0.0,0.0,0.9704,473
ynh,0.0003,0.9617,0.0011,0.0063,0.0102,40011
ynd,0.0,0.0,0.0042,0.0176,0.9506,1417
yng,0.0,0.0123,0.0,0.014,0.965,571
yna,0.0049,0.004,0.0016,0.9239,0.0629,27215
ynt,0.00250194085028,0.00335428219347,0.0514793284042,0.0123117375231,0.923560566852,3246
ifo,0.0,0.0,0.0,0.9228,0.0595,790
dif,0.0,0.0033,0.0,0.0181,0.9567,1825
ihe,0.0,0.0,0.0096,0.0,0.9728,625
dig,0.00335612686209,0.00288263655294,0.00319104597149,0.0124769501842,0.962504885472,6243
fts,0.0,0.00266654772525,0.00536628010705,0.0182856378234,0.956710258698,2242
fty,0.0056,0.0,0.0,0.0102,0.9704,1080
izo,0.00197626980429,0.00288830382106,0.00302818033551,0.934647646785,0.0530261649581,8584
fte,0.0,0.0,0.0,0.00499516666667,0.973326833333,1200
izu,0.0027,0.0025,0.002,0.9211,0.0685,4451
duc,0.00291699346405,0.00838692810458,0.00235751633987,0.0226241830065,0.950282352941,9639
asp,0.0,0.0,0.0,0.0163,0.9653,490
mmy,0.0,0.00457551330798,0.0220818250951,0.0106368821293,0.944519163498,1315
ast,0.00285069898567,0.00432977737088,0.0303511567414,0.0151165315197,0.934856370797,68814
asz,0.0,0.00514068123393,0.0,0.0154316195373,0.963678920308,3112
asy,0.00386781739723,0.00359632069044,0.0267652963888,0.0145359754713,0.939853440836,4403
pua,0.0,0.0,0.0,0.0138,0.9677,434
mmi,0.0,0.00858935128519,0.0,0.0,0.964483965728,817
sbe,0.0,0.0,0.0,0.0195,0.9626,615
mma,0.00592711680631,0.00916565795959,0.0228586594381,0.0188421389847,0.927538462297,10145
wle,0.00423365654862,0.00629184935357,0.0126366919618,0.0132103709949,0.950976349073,7116
xim,0.013,0.0062,0.0288,0.0192,0.917,1458
jer,0.0,0.0,0.0105,0.0232,0.9599,474
jes,0.0,0.0,0.0,0.00990559824369,0.978027881449,911
kok,0.00453084269663,0.00536988764045,0.00872606741573,0.0165749719101,0.951986910112,3560
kol,0.000999874529486,0.00262066081138,0.00222484316186,0.0111604349645,0.972803053116,7173
kob,0.0,0.0092,0.0,0.029,0.9368,759
kog,0.013,0.0,0.0,0.013,0.9571,770
kox,0.0035,0.0081,0.0029,0.0138,0.9596,1734
xit,0.0,0.9157,0.0,0.0,0.0301,664
kos,0.0,0.00334125786164,0.00651677148847,0.0175985744235,0.949708679245,4770
kor,0.0,0.0,0.0187,0.0257,0.9416,428
jen,0.00396867543591,0.0027460385439,0.00151257265219,0.0134714285714,0.967267788314,3269
kot,0.0,0.0,0.0,0.0,0.9955,448
kow,0.00777400293255,0.00367148093842,0.00102140762463,0.00793417888563,0.965532346041,6820
kov,0.0,0.00259636363636,0.0,0.0129669090909,0.951172779221,1925
ncz,0.0,0.0,0.0,0.0214368361582,0.969518870056,885
uef,0.0247,0.0,0.0109,0.0124,0.9396,1374
nck,0.00318048323901,0.00436176752286,0.0296590378755,0.0145720722682,0.932977518502,22970
ncl,0.0,0.0,0.012,0.0,0.9535,581
aag,0.00809755557378,0.0083189073907,0.00297713887294,0.0138759166598,0.955726060208,12191
aaf,0.00954143906835,0.00803213642035,0.00125314016359,0.0101064051019,0.956726230417,7213
aab,0.00210411354751,0.00652266700663,0.00576296957335,0.0158857895631,0.948125743668,11766
stl,0.0112,0.0,0.0,0.0112,0.9648,625
aal,0.00199701789264,0.0047328528827,0.0114550198807,0.0213970924453,0.946589463221,4024
aai,0.0,0.0,0.0,0.0,0.9663,445
aak,0.00186564186811,0.00258319643276,0.00657397324572,0.0145384416804,0.959884933114,4261
eeh,0.0,0.0368,0.0,0.0161,0.9218,435
aat,0.0,0.0,0.0,0.0122,0.9708,411
jel,0.0,0.0,0.0125,0.9708,0.0139,719
aas,0.00344941780146,0.0048296151569,0.00238047365305,0.0154595066114,0.9635630373,50670
aar,0.0012462077167,0.00595748546512,0.00660924947146,0.0151853924419,0.959308668076,15136
dts,0.0,0.004878307393,0.0,0.0437722762646,0.935804474708,1028
uex,0.0,0.0076,0.0,0.0141,0.9614,1708
bhu,0.0,0.9259,0.0073,0.0,0.0276,688
rok,0.0,0.00554352941176,0.00331294117647,0.0154435294118,0.962151764706,2720
efz,0.0,0.0,0.0,0.0,0.9829,526
lig,0.0014128508357,0.00598389309366,0.00953570640177,0.0219908861558,0.946706472722,12684
lic,0.0,0.0,0.00637046902142,0.0150535031847,0.923855182397,3454
eft,0.00251226351351,0.00576581081081,0.00185777027027,0.011656722973,0.967904054054,5920
lir,0.0,0.0,0.0,0.0,0.9677,495
uer,0.00246159207169,0.00486270502621,0.0031704994784,0.0527467981348,0.92633455375,159126
efe,0.00244820089698,0.00436841384505,0.00277713033654,0.0158850765175,0.9647016536,29209
eff,0.00907336946916,0.00453934484181,0.0212500589171,0.0168552318388,0.936012817416,33946
kab,0.0,0.0,0.0,0.0244,0.9534,451
kaj,0.0,0.0,0.0,0.0171,0.9537,410
kan,0.00185434380776,0.00493074553296,0.00370868761553,0.0111123228589,0.963635243376,3246
kam,0.0,0.0,0.00552865461232,0.00826371437328,0.966588967208,3263
kal,0.0,0.00444632376144,0.0,0.0116906279583,0.968428715683,3169
kas,0.0012178746594,0.0042544656373,0.00407772328186,0.0164595943082,0.957565818952,16515
kaw,0.0041,0.0056,0.0118,0.0159,0.949,3395
exa,0.0,0.0,0.01068,0.01844,0.95628,1030
wyk,0.0,0.0113,0.0,0.0135,0.9616,443
ki,0.00117198593565,0.0283719739382,0.0010619051013,0.0117182040637,0.942602088627,841845
ko,0.00112694245749,0.0346983928736,0.00910410915323,0.0139490789298,0.92266347636,97441
kl,0.0,0.00350537334264,0.00697704117237,0.0153351011863,0.958824703419,1433
ku,0.0,0.0,0.949393304721,0.0,0.00773381974249,1165
kt,0.0,0.0,0.0,0.0122,0.9829,409
ky,0.00196682631442,0.00401626729306,0.0203807049923,0.0133747426061,0.946808750629,65561
tse,0.0,0.0051,0.0,0.0144,0.9698,2150
rtl,0.0,0.0,0.0111593184979,0.0111202364395,0.964524061196,2876
ojo,0.0027,0.0286,0.0017,0.9053,0.0575,7062
rty,0.00871484038362,0.00714032519075,0.0312773807922,0.0183812073572,0.922606203994,260155
rtz,0.00217508109062,0.00430880974601,0.00669875097738,0.0132356243852,0.963037187681,198235
iet,0.00228387712269,0.00457340202251,0.00535176493036,0.0144918717802,0.958593436367,5241
iev,0.0,0.9102,0.0,0.0,0.0125,401
iek,0.0,0.0210202103338,0.0123449931413,0.00597585733882,0.924083127572,2187
iej,0.0,0.0057,0.0,0.0106,0.9665,2269
iec,0.000865494378784,0.0,0.0,0.0112584318247,0.972600345921,6938
ieb,0.0102013153939,0.00403193024654,0.00435862898376,0.0170707080577,0.954517024955,13304
ied,0.00210520511941,0.00338531596389,0.0174512569992,0.0152054279511,0.948639738316,17502
ieg,0.00243355877181,0.00581548762343,0.00188763695388,0.00741616393886,0.972022494251,7393
hip,0.00809264526354,0.00277618598873,0.018200494742,0.0104020753464,0.947854753593,46691
hiu,0.0,0.929009473947,0.0,0.024243796227,0.0250627274994,12033
dau,0.000992659188387,0.00362457934675,0.00231359287364,0.0150401517651,0.958115753877,6062
hig,0.0,0.0057,0.0,0.0,0.9739,881
hih,0.0,0.9477,0.0,0.0049,0.0165,4113
hil,0.0,0.0,0.0,0.9005,0.0903,432
hio,0.0,0.0251243384236,0.000570662999146,0.0248584368775,0.93311842929,10543
cra,0.0,0.0,0.0,0.0,0.9645,479
rff,0.00242540309732,0.00554120833599,0.0328186731247,0.015220521318,0.928090159964,15691
oxe,0.0,0.0,0.0461,0.0105,0.9183,955
cri,0.0,0.0,0.0,0.0204,0.9629,539
rfo,0.0,0.0,0.0,0.0099,0.977,609
cro,0.0,0.0,0.0,0.0152,0.9772,395
arx,0.0027,0.0043,0.0085,0.0139,0.9621,9404
arz,0.00058302103818,0.00317266891767,0.00110773997254,0.015878939557,0.968932700085,26951
see,0.00601662897274,0.00320810617784,0.0258810260683,0.0123256040948,0.937028097845,16802
lec,0.000899819787349,0.00326033519553,0.0,0.0151336817445,0.969926004686,5549
arf,0.0016911263865,0.005154835182,0.00652416809873,0.014409670364,0.962635525699,6401
sel,0.004549797864,0.00417253766166,0.0372038415897,0.0188685150546,0.91971941813,99438
sek,0.0010490957558,0.00255937696007,0.0,0.0125431685135,0.969054714614,19132
arm,0.00248337468983,0.00943215880893,0.00891126550868,0.0138732506203,0.945364069479,2015
zki,0.0,0.0,0.0,0.0192,0.9671,1248
zke,0.00053339731286,0.00203925143954,0.0,0.00906935380678,0.972924781403,9378
zka,0.0,0.0,0.0,0.013116108871,0.972992479839,4960
wor,0.0,0.0,0.011,0.0,0.9693,456
won,0.0,0.9637,0.0,0.0035,0.015,9405
zky,0.0,0.0,0.0,0.0114,0.9821,615
wok,0.0,0.9484,0.0,0.0052,0.023,4652
aap,0.0046504950495,0.00292417006407,0.0,0.0139930110658,0.963845020384,1717
uur,0.0,0.0,0.0,0.0167,0.9737,419
uul,0.0,0.0141,0.0,0.0235,0.9343,426
ika,0.0035563737938,0.0258869984764,0.00305992889792,0.0164721686135,0.929921559167,3938
uun,0.0,0.0,0.0,0.0147,0.9623,477
uud,0.0,0.0041,0.0,0.0062,0.9699,1460
iko,0.0,0.0292,0.0,0.0169,0.9369,650
hko,0.0,0.00314766158697,0.0,0.0152356279559,0.964791224383,1903
tge,0.0,0.0,0.0,0.0,0.9722,504
ceg,0.0,0.0,0.0,0.0,0.9655,406
pp,0.00480805605031,0.00448475072112,0.0571813823432,0.0135521248995,0.907214995823,317215
duk,0.0,0.0,0.0,0.0139265505226,0.977003344948,1435
pt,0.00344334705075,0.00527832647462,0.00503036122542,0.00928861454047,0.966485916781,8748
pu,0.0124,0.0,0.0,0.0297,0.9059,404
dux,0.0123,0.0065,0.0328,0.0194,0.9186,4485
pf,0.00167459250546,0.00395861199798,0.000810846916485,0.0121950204447,0.968994799193,35706
xam,0.0,0.0,0.0365,0.0228,0.9239,657
nro,0.006,0.0034,0.0371,0.0241,0.9179,6551
gaw,0.00482808599168,0.00552780859917,0.0520348821082,0.0152539528433,0.911223300971,1442
gai,0.0,0.909691644712,0.0022414377117,0.00864817463304,0.0429157320286,2657
sko,0.000336247366837,0.00320631582907,0.00157845320494,0.0112449781824,0.970484870599,26584
sak,0.0,0.00274231086657,0.0,0.0107322283356,0.97058610729,7270
nci,0.0,0.00159169139466,0.00216213649852,0.0194119287834,0.960431810089,5055
mle,0.0,0.0,0.0,0.0088,0.975,681
lbe,0.0,0.00507283464567,0.0,0.00729724409449,0.976647637795,3556
fum,0.0,0.0,0.0108,0.0108,0.9578,1114
voa,0.0018,0.004,0.0031,0.9053,0.0824,3263
vol,0.0,0.0,0.0069,0.022,0.9547,728
rip,0.00571314640698,0.00353049026192,0.0146031900604,0.0147758226998,0.943247431162,5956
rik,0.0,0.00403841371198,0.0,0.00872303814485,0.972582423122,5951
rig,0.00237759957702,0.00123275467043,0.0011472682411,0.0142740218541,0.967574383151,11348
ewa,0.00922802087515,0.00240112404657,0.00200967482939,0.0096350461662,0.954639943798,2491
ewe,0.00127313997478,0.00401916771753,0.0479217654477,0.0120905422446,0.916794754098,3965
ewy,0.0,0.0,0.0225,0.0125,0.9525,400
bol,0.0,0.000906890266132,0.00254349252643,0.0118686839227,0.969890047393,5486
sye,0.0094,0.0129,0.0117,0.0293,0.9261,853
syl,0.0,0.0,0.0,0.0,0.9793,484
feo,0.0,0.0,0.0,0.0107835579515,0.971703773585,1484
gst,0.00101229290243,0.0044880957251,0.00123184700348,0.0132850071589,0.967884986705,4889
ydu,0.0,0.0,0.0,0.019,0.9621,580
lda,0.0,0.0175224030038,0.0,0.0194017521902,0.949293617021,1598
efs,0.0,0.0,0.0,0.00443174250832,0.981670477248,1802
rop,0.00376551115686,0.00507270521634,0.0238966474286,0.0126845421461,0.941303282726,27203
ldt,0.00507449154249,0.00302443616593,0.00125616693516,0.0101106675393,0.966327340918,19864
cup,0.0067,0.00568425949858,0.00776226415094,0.0248184285345,0.93565135694,3869
rgy,0.00537615539183,0.0,0.0294574681849,0.00802411252512,0.940401205626,1493
cue,0.00258134481746,0.00312890280904,0.0146897132231,0.0158195360673,0.950241979055,10217
aps,0.00245433029453,0.00158167952314,0.0488985974755,0.0147461781206,0.915165480365,5704
rgh,0.00390336733268,0.00321465697918,0.00362538773229,0.0118673466536,0.964931801034,7157
rgi,0.0,0.00352917466411,0.0035094049904,0.0412389635317,0.936657133717,3126
cum,0.00646386422586,0.00374555067837,0.041215447925,0.0139161088388,0.921920136672,40096
wim,0.0064,0.0128,0.025,0.0134,0.9243,1717
bik,0.0,0.0,0.0,0.0,0.980891408115,1257
big,0.0,0.00317215591197,0.0,0.0177353972398,0.963642726595,5362
bic,0.0,0.0,0.0,0.00636685979143,0.926425840093,1726
ror,0.005,0.0,0.0,0.015,0.9593,1203
bis,0.00689695183906,0.00570514123146,0.00772916073969,0.0144430806747,0.952661654135,4921
lja,0.0,0.0,0.0,0.0129,0.978,774
eep,0.00334869621066,0.0118370712909,0.0413633397559,0.0128543352601,0.911514091201,7785
ees,0.00443350089507,0.0061029672893,0.0411601233206,0.0146397537204,0.91805540025,55303
liz,0.00687123367199,0.00255011320755,0.00522698403483,0.901782618287,0.0762874949202,17225
eeg,0.0,0.00250320699708,0.0,0.0100164514786,0.975450978759,2401
eeb,0.00147533955163,0.0132570446735,0.0214397970872,0.0132566028473,0.91572187858,6111
ija,0.0,0.0,0.0014,0.9334,0.0603,4879
ahn,0.00323893576934,0.0366759771624,0.00860069997145,0.0154175689409,0.921314633172,87575
apf,0.00255912596401,0.00292111641572,0.0,0.00956573632024,0.972121997797,2723
pew,0.0056,0.0031,0.007,0.0185,0.952,5149
pel,0.00333531049903,0.003724004472,0.0323365524952,0.0202438743775,0.926615013721,49195
peo,0.0,0.0,0.0,0.0387,0.9474,646
pei,0.0,0.0102,0.0,0.0326,0.9328,491
pek,0.0,0.00347544164495,0.0,0.0104183318853,0.966384158703,3453
pea,0.0,0.0,0.0,0.0441,0.9418,567
pec,0.0,0.00229268371641,0.0,0.0142051472969,0.967915539009,3089
bl,0.00217555458895,0.0030643323184,0.00303671161375,0.0104467159635,0.963924140931,2299
oer,0.00332478747204,0.00440354362416,0.00152012527964,0.0119755167785,0.967391561521,11175
rov,0.0,0.0,0.0,0.00936310375671,0.94365657424,2236
rue,0.00868394476333,0.00671629232177,0.0466545087763,0.0170622119624,0.905451480742,24042
oeh,0.0,0.0,0.0,0.0,0.9706,408
oen,0.00339092644622,0.00724433037966,0.00904694906707,0.0136263201498,0.953039143433,27762
zzi,0.0,0.00211172305746,0.00204716338767,0.0347590551656,0.937421852309,33191
rup,0.0135636414254,0.0021064142539,0.0269136302895,0.0170349777283,0.923576436526,8980
oeg,0.0,0.0,0.00350604093859,0.00944722915627,0.973513779331,2003
zza,0.00154302301894,0.00405121205948,0.00254720581245,0.0270751307123,0.95102412236,29454
oed,0.0,0.0103,0.0,0.0088,0.953,681
idy,0.0028832589217,0.00547989346307,0.0246211380361,0.0179189272408,0.934626942144,32477
idt,0.00318538445904,0.00467855083142,0.0039726781926,0.0154552177945,0.96366264021,157442
yly,0.0131509705698,0.0,0.0281688791484,0.00875015654352,0.93298985598,1597
uso,0.00119220379313,0.00330578533604,0.00280653649661,0.0326620570602,0.948571602865,42867
idl,0.00390899653979,0.00483294117647,0.00255861591696,0.0147410841984,0.965633863899,4335
chl,0.0,0.0,0.00347231520223,0.0244127615063,0.963723849372,1434
nsz,0.0,0.0,0.0,0.0107,0.972,750
nst,0.00288108324691,0.00551466484397,0.0033402611483,0.0134971009711,0.964283949279,21214
nsu,0.0,0.0,0.9468,0.0092,0.0128,545
mke,0.00190762502158,0.00302759394602,0.00113265235656,0.0128027162341,0.968846135697,17377
few,0.0,0.0,0.0,0.0317,0.9497,1073
mko,0.0,0.00550314646023,0.00213573479835,0.0135985016856,0.969301735548,8009
ixt,0.0,0.0186,0.0,0.0,0.9588,485
zic,0.00191712523719,0.0,0.0,0.00879919354839,0.939483586338,4216
zio,0.0030467183227,0.00242547351362,0.00186275194976,0.0231894459637,0.95676134407,19746
cic,0.0,0.00211612903226,0.0,0.0136722650771,0.96108085554,2852
cie,0.0,0.00178964975303,0.0332502245173,0.0204178491244,0.928824943871,4454
uu,0.000535386680588,0.958970728615,0.00205231560892,0.00643077783578,0.0137477291371,13409
ut,0.00665923741739,0.013207067381,0.0485332884909,0.0149849219819,0.900830994486,127855
uth,0.00390601851852,0.0121921284837,0.0473290211313,0.0151441442061,0.905580283966,87264
uti,0.0,0.00463322207959,0.0,0.0297996662388,0.954294249037,3895
uo,0.0,0.957335434529,0.000792315020641,0.00587579125648,0.0165053403197,18894
utu,0.0045,0.0052,0.0039,0.0142,0.9581,1552
utz,0.00315131104858,0.00367156720932,0.0046769192331,0.0254029955553,0.95220806354,76046
ug,0.00359546500164,0.0341706786066,0.00379172280644,0.0124142047322,0.933830726257,24344
ub,0.00170564841833,0.0108231965835,0.00370421457419,0.0156205240681,0.947694649172,51749
lyk,0.0,0.0,0.0,0.0163,0.9449,490
nag,0.0102,0.9099,0.0,0.0272,0.0221,588
nad,0.0,0.007,0.0,0.019,0.958,999
naj,0.0,0.0,0.0,0.0,0.985,400
nak,0.0,0.00390605939406,0.000508149185081,0.00939848015198,0.973689871013,10001
nao,0.0,0.00394402301857,0.0,0.918136201936,0.067995527073,3823
nam,0.00497672541539,0.00424561276287,0.0473315225274,0.01347849103,0.913067705016,31717
nap,0.0065283307122,0.00222556728825,0.00133534037295,0.0184288249831,0.962245854864,4451
naw,0.0,0.0,0.0,0.012,0.9675,584
jci,0.0,0.0029,0.0,0.0075,0.9736,1741
gri,0.0,0.0022370205174,0.00984219446922,0.0486468777877,0.925050535236,2242
bza,0.0,0.0,0.0,0.0149,0.9686,606
yfe,0.0034,0.0086,0.0218,0.0092,0.9432,1742
pau,0.0,0.0,0.0,0.0173,0.967,637
aen,0.0,0.0081,0.0,0.0135,0.9649,740
xby,0.0141156464041,0.00431076626712,0.0222394263699,0.0141546660959,0.93085577911,4672
agh,0.00106952694611,0.00829726946108,0.0328733173653,0.018804491018,0.914067233533,16700
dot,0.0,0.0123,0.0,0.0439,0.9298,570
agy,0.00170770558694,0.00514040071145,0.00243957940992,0.0147781544256,0.962260860013,19116
ohy,0.0,0.0036,0.0,0.0166,0.9716,1689
agt,0.0,0.0,0.0,0.0,0.9809,471
gu,0.0,0.905,0.0623,0.0078,0.0093,642
gt,0.0026445563199,0.00488056569694,0.00689784404904,0.0169069751355,0.958095196188,26021
gy,0.00188510312862,0.00455452607184,0.00647147161066,0.014159202781,0.959331337196,21575
eds,0.0134887173188,0.00524428847166,0.0298138620811,0.0221407615371,0.912784646429,5699
gn,0.0,0.0,0.00400160320641,0.0220048096192,0.954880561122,2994
gl,0.0,0.00613488626422,0.0,0.0198920384952,0.959113342082,4572
lko,0.00114967652495,0.0032387823475,0.00242479205176,0.0107466497227,0.971807798059,8656
lke,0.00305762283693,0.00405098901099,0.00665488442592,0.012212497158,0.95973580144,39585
lka,0.0021482234957,0.000715630372493,0.00178991404011,0.0128216260745,0.962312944126,13960
lge,0.0153,0.0,0.0,0.0175,0.9475,457
lky,0.03,0.0,0.0,0.015,0.9356,466
ulx,0.00291531498245,0.00609565859967,0.00203188619989,0.015719767227,0.960794402365,5413
obi,0.0,0.0,0.0073,0.0229,0.9532,3443
eve,0.0123593169891,0.0049980261612,0.0259830500509,0.0205903853685,0.920821273596,25534
zl,0.0,0.00568849809886,0.0,0.00856036121673,0.961963212928,1052
uft,0.00178866906475,0.00477823741007,0.0464595323741,0.0164808453237,0.919078057554,3336
zd,0.0,0.0,0.0,0.0342,0.9558,1811
odt,0.00388666146646,0.00388744149766,0.0,0.0132623634945,0.96333826053,2564
ueb,0.0,0.0075,0.0,0.015,0.9565,666
zz,0.002,0.0052,0.9182,0.0229,0.018,3056
uez,0.00302358557793,0.00897567591976,0.00549162155831,0.922636622222,0.0553740389663,1417328
zs,0.0,0.0093,0.0,0.0257,0.9444,972
ycz,0.0,0.0,0.0,0.0192,0.9723,469
bda,0.0,0.0,0.0,0.014,0.972,572
fat,0.0032,0.0103,0.0125,0.0167,0.9451,3117
ych,0.0,0.00479723247232,0.0,0.0132658302583,0.972684944649,2710
yca,0.0,0.0,0.0,0.0106,0.9775,755
ozd,0.0,0.0,0.0,0.0342,0.9558,1811
lef,0.0,0.0,0.0,0.0263495327103,0.956623364486,1177
fau,0.003,0.0086,0.0,0.0191,0.9628,1988
lek,0.000956997971602,0.0101836927511,0.00250930927725,0.0144602113804,0.950515736095,18734
leo,0.000893244141599,0.00375506897125,0.00406251454213,0.0329025843444,0.94771143427,12034
leu,0.0,0.0,0.0254,0.011,0.9403,905
lew,0.00773358525956,0.0024611022232,0.0303973244332,0.0159419870911,0.926993782755,18127
lez,0.00183525339081,0.00399062955669,0.00413426896065,0.936987368288,0.0496017527405,672775
hke,0.00202947038199,0.00480463800209,0.00055186688811,0.0143454019807,0.965485034139,16257
rdt,0.00267893763904,0.00455243918997,0.0173384829084,0.0170158414187,0.945999092419,95749
ulf,0.0092,0.0068,0.0048,0.0121,0.961,4559
rdi,0.000548290904861,0.00402410570603,0.00181672644784,0.0419475987359,0.939089111426,51577
wig,0.00278216869429,0.00409918714607,0.00196392825209,0.0139177933725,0.96604429783,36907
wik,0.0,0.0,0.0,0.00824750882699,0.97766265202,2549
wit,0.0,0.01,0.0,0.0175,0.9613,801
sge,0.0,0.0106,0.0,0.0086,0.9618,1988
fel,0.00305686362414,0.001928337667,0.000851600466242,0.0121393660898,0.966476293374,22306
fek,0.00830963855422,0.0,0.0,0.00679879518072,0.975132228916,1328
usi,0.0,0.0255973170732,0.00487975609756,0.0259970325203,0.93618495935,2460
zig,0.0,0.007535098781,0.00209751996637,0.00968221941992,0.963838209332,2379
usu,0.0,0.0,0.9302,0.0042,0.0098,1433
fer,0.00391415472794,0.00511062040915,0.0322372710901,0.0132262631781,0.933974435693,395352
fes,0.00801416096295,0.0,0.0,0.0115468491857,0.966951215483,4237
chy,0.0,0.00217916006339,0.0210881636292,0.00775289223455,0.957794780111,10096
usz,0.00264101208459,0.00341068731118,0.0,0.0169703927492,0.953200151057,2648
fey,0.00520029274729,0.00360315012576,0.0573817026072,0.0136997292431,0.907094466664,72759
iis,0.0,0.0105,0.0,0.0148,0.9641,474
pff,0.0242,0.0,0.0,0.0223,0.9404,537
fei,0.0,0.0037,0.0,0.029,0.9451,2169
og,0.00157547695985,0.00603135319375,0.00412479305918,0.0155791598424,0.961857283874,22591
aci,0.0,0.00247793845013,0.00320818193054,0.0276667531825,0.95167311828,8091
tau,0.0,0.00260083945435,0.0325305351522,0.0131123819517,0.931252256034,1906
hly,0.0,0.0,0.0,0.0103444904294,0.96896378686,1933
tad,0.00277975984718,0.0024075820977,0.000773373965251,0.0131121941235,0.964648858364,21986
tag,0.00175776527331,0.00674204180064,0.00241882636656,0.0195184967846,0.957233770096,12440
tai,0.0,0.0,0.0,0.0088,0.9788,566
tak,0.0026469753859,0.00318616325963,0.0,0.0154234042553,0.967746655542,7191
sit,0.0,0.0057,0.0,0.0123,0.9669,1056
afe,0.0,0.0,0.0,0.0098,0.9754,610
aff,0.00439899892559,0.00476672578747,0.0215276583045,0.0144203062912,0.941969921722,58637
sig,0.00347221656829,0.0014062283737,0.0012407897415,0.0128427640953,0.967861673112,4913
sil,0.00176276667114,0.0107276801288,0.0232024151348,0.019862632497,0.911724191601,7453
afo,0.0,0.0,0.0,0.0126,0.9784,556
acz,0.00370577845617,0.00326031399913,0.0,0.00916796772787,0.962481661579,4586
jny,0.0,0.0,0.0,0.0116,0.986,430
ogl,0.0,0.0041,0.0,0.0372,0.9438,1477
kby,0.0,0.0,0.0413,0.0194,0.9296,412
lf,0.00833005679636,0.00421976279976,0.0289247352247,0.0141093762004,0.931321649152,145784
lg,0.0,0.0,0.0,0.0,0.9742,697
lb,0.00643789173789,0.0053502374169,0.00455823836657,0.0147468423552,0.958840633903,16848
lc,0.0,0.0,0.0044,0.0266,0.9557,1128
lp,0.00326537765717,0.00397729534147,0.0467292595464,0.012823331395,0.920862621955,30954
euw,0.0,0.00494176136364,0.0,0.0135119318182,0.969446590909,1408
lz,0.00276397117182,0.00483032847743,0.00318285798408,0.0149880091656,0.96320301851,78118
lx,0.00291531498245,0.00609565859967,0.00203188619989,0.015719767227,0.960794402365,5413
hls,0.0,0.00228426395939,0.00355223350254,0.0109279187817,0.969782538071,3940
dag,0.0,0.0,0.0,0.0117,0.9695,426
dai,0.0,0.0,0.0173,0.0371,0.9158,404
dak,0.00179850604695,0.00298762153189,0.00273106473797,0.00755104339578,0.973680732748,8434
lzi,0.0,0.0,0.0,0.0294,0.9472,511
sik,0.0,0.0017530952381,0.0,0.0127828947368,0.969027105263,7980
lze,0.00415960591133,0.00516583167383,0.00336308563044,0.01185930196,0.965309810292,9541
daz,0.000838995330865,0.00109069393012,0.00221772661407,0.947310481404,0.0415556915151,6211
nft,0.0,0.00153587825638,0.0015450090276,0.00929058550426,0.973938689709,3877
vro,0.0,0.0,0.0,0.024,0.9471,416
ouk,0.00427873495744,0.0107186087467,0.00201827120634,0.0121677722336,0.956277076607,6814
lff,0.0036,0.0051,0.0055,0.0169,0.9566,21321
lfo,0.0,0.0,0.00333213270142,0.0550209478673,0.927041232227,2110
lfi,0.0,0.0,0.00162272727273,0.0255464981447,0.955237871058,4312
ouz,0.0,0.0119,0.0,0.0191,0.9021,419
oux,0.00656618755542,0.00471468001774,0.0137667750517,0.0242438072717,0.935011942063,27064
lfs,0.00508820101966,0.0,0.0,0.00947458120903,0.973789657684,1373
hle,0.00401106200676,0.00434588049605,0.00116307102593,0.0125324735062,0.964285871477,22175
oup,0.00500309134217,0.00418154515327,0.0278233947804,0.0131698943662,0.936872752693,19312
ouw,0.0,0.0,0.0,0.0147,0.9841,816
hla,0.0,0.0,0.0,0.0308,0.95,520
out,0.0082641353149,0.00569459987529,0.0291492621077,0.0146971398878,0.926835163168,96220
rez,0.0030353502212,0.0110253367952,0.00397624508481,0.9217882759,0.0557308014963,1463575
rep,0.009,0.0,0.0,0.013,0.9632,2228
rek,0.00154815577607,0.00321346189852,0.000801487147939,0.0138029234761,0.96751363843,37387
reh,0.0,0.0,0.0,0.0,0.9757,411
rei,0.003,0.0068,0.003,0.0214,0.9551,2341
rem,0.0,0.0264176960643,0.00344125251365,0.0181055156564,0.929909278943,3481
reb,0.00188473717543,0.00157061431286,0.00157061431286,0.0170958518049,0.961678150728,3158
lob,0.0,0.0,0.0,0.0074,0.9838,679
loc,0.0,0.0,0.0,0.0229,0.9571,699
eck,0.00435545689591,0.00481054184827,0.025761135776,0.0143098758957,0.93740849856,270740
eci,0.0,0.0,0.00335774647887,0.0274674044266,0.953732796781,1491
ect,0.0,0.0,0.0,0.0,0.9734,414
lts,0.00337803093371,0.00263386496079,0.0421595890111,0.0148247119134,0.923550777724,22823
rcz,0.0,0.0,0.0,0.0124,0.9788,565
ltz,0.00362833880333,0.00412639204466,0.0216948002282,0.0134877472019,0.94579598259,213894
lty,0.00285995542111,0.00475382263971,0.0179811335775,0.0139513516956,0.949500152842,31405
aou,0.0,0.0,0.0,0.0175,0.9524,399
lte,0.00147345442426,0.00317916680553,0.00502386935511,0.012367532078,0.968756713881,30005
vac,0.0,0.00539609771574,0.0,0.0171525063452,0.953656725888,3152
lth,0.0,0.0,0.0,0.0193,0.9735,415
ihy,0.0,0.0034127806563,0.0,0.0193601036269,0.963720725389,2895
uhn,0.00275469361331,0.00511400906353,0.00494340079376,0.0143215413629,0.963188608664,35527
loo,0.0,0.0,0.0355,0.014,0.9264,788
ihn,0.0,0.00690360153257,0.0,0.00381555555556,0.976231494253,1305
ihl,0.0,0.00366432939258,0.00243130860171,0.0240578475336,0.953921402364,2453
ihm,0.00355046197584,0.0,0.0319886282871,0.00353859275053,0.944538450604,1407
iha,0.0,0.0097,0.0,0.0072,0.9638,1243
ser,0.00381282124745,0.00451983332462,0.0434385873373,0.0156806516443,0.91853755487,478175
sny,0.0,0.0,0.0,0.00557090909091,0.975525034965,1430
uds,0.0,0.0,0.014,0.0,0.9512,430
rso,0.00933453889476,0.000880728616684,0.0148629179866,0.0501580957409,0.911030878212,11364
rsi,0.00114156285391,0.0,0.0,0.0296477010193,0.952887361268,4415
udt,0.00107584182885,0.00338500154464,0.0,0.00817880753784,0.974037318505,6474
udz,0.0,0.0,0.0,0.0157,0.956,636
rsa,0.0,0.00209915860328,0.0,0.0328399663441,0.952042280185,2377
ehn,0.00157158214823,0.00378270418036,0.00774456491691,0.0126805971066,0.962515907485,32557
ogo,0.0,0.0,0.0,0.9344,0.0635,488
ogh,0.00520493584708,0.00343342498036,0.00272059439644,0.0185952343545,0.95665963603,7638
oge,0.0,0.00290911732655,0.0374271703596,0.0134334180894,0.930988485289,2753
udi,0.0,0.0,0.0114,0.0183,0.9314,437
ehl,0.00428352869121,0.0048077847473,0.00398945701071,0.0114431392426,0.962906880821,47349
rss,0.0,0.00909230769231,0.0536307692308,0.0101230769231,0.906853846154,988
bek,0.000976009077646,0.000813000486302,0.0,0.0113292754093,0.970352585508,6169
uhm,0.0023,0.0038,0.0023,0.014,0.9683,2652
ehm,0.00186624701467,0.00374165472535,0.00174438758103,0.0125783282156,0.971398451041,29310
bel,0.00390747861662,0.00530655482147,0.0116405917238,0.0512038304506,0.914466519024,121239
bec,0.00304460694698,0.0,0.0,0.00975039609994,0.963429006703,1641
ybo,0.0,0.0,0.0,0.0,0.9772,394
ber,0.00464441943128,0.004975346611,0.0477679865343,0.0179279003987,0.910798987813,531720
bet,0.00148933815705,0.00340361779102,0.0127866141732,0.035116875931,0.916796126835,4699
sen,0.00495196890693,0.00573723124518,0.00432864710261,0.016801985824,0.955462792582,1049237
mik,0.0,0.0,0.0,0.0,0.9802,404
mia,0.0017463312369,0.00244898672257,0.0,0.022370754717,0.955637631027,2862
mic,0.0,0.00255538922156,0.00855816937553,0.00343242087254,0.915323438837,2338
mig,0.0021769420807,0.00549201207796,0.00303626132309,0.0208875102937,0.958554982158,3643
for,0.0,0.0,0.9478,0.0,0.0139,1150
hr,0.00350840900965,0.00584419735431,0.00367406711272,0.0150328270085,0.961140574084,97895
sei,0.0,0.0,0.9463,0.0072,0.0165,968
mis,0.00547381055551,0.00522581246209,0.0158522748938,0.0165960481844,0.940847699107,23078
mit,0.00352489075486,0.00549712963756,0.0148223117128,0.0144947733699,0.946616493874,11671
mut,0.0,0.0,0.0,0.0459,0.9275,414
hlf,0.0,0.0,0.0,0.0,0.9871,618
awe,0.00273593155894,0.00677990222705,0.00898378598588,0.0086907115698,0.95736634981,3682
cke,0.0051610548427,0.00607647202501,0.0545803833127,0.0146918647821,0.903608208493,61412
urf,0.0153,0.0,0.0,0.0153,0.9487,2221
cka,0.0,0.0023210587029,0.0,0.0129486541912,0.96988877211,7802
urm,0.00297537679479,0.00386630696513,0.00399744047088,0.0128759029698,0.965038339427,11213
cki,0.000876663551916,0.00274865607651,0.00053012917056,0.0101976452482,0.973042057934,90965
uru,0.0,0.0,0.0,0.0,0.9613,439
urs,0.0142049948683,0.00649165241191,0.0297482210058,0.0143669175505,0.922177044133,5846
bun,0.00259135787854,0.00744818278679,0.0104305433882,0.0148206818989,0.951970853557,8447
urz,0.00121611374408,0.00790473933649,0.00121611374408,0.0159872037915,0.960325177725,5064
sza,0.0,0.0,0.0,0.00997208530806,0.973957535545,2110
ksy,0.0,0.0,0.0,0.0166,0.9669,664
vio,0.0,0.0116301744186,0.0,0.0349036046512,0.934904883721,1720
buc,0.0102,0.0,0.0,0.0287,0.9343,1081
ngl,0.0,0.0102103064067,0.0,0.0143941504178,0.960095543175,2154
jal,0.00309198676957,0.0100861609702,0.0036448952591,0.92282093495,0.0560715898567,22675
jak,0.0,0.00462302158273,0.0,0.0148795477903,0.962519321686,1946
kso,0.0,0.0132,0.0,0.0,0.972,608
jac,0.0,0.0053,0.0,0.014,0.9651,5135
mge,0.0,0.0,0.0,0.0098,0.9717,814
aer,0.00247885579475,0.00686452373931,0.00470501327042,0.0147702447656,0.960459510469,16955
shy,0.0062,0.9083,0.0,0.0072,0.0237,971
aez,0.00173036831716,0.0140650245685,0.00722738650204,0.904711790769,0.0672004577716,47622
lst,0.00405320665083,0.00390308788599,0.0125349168646,0.0147847302341,0.950469460468,5894
aeg,0.0,0.9036,0.0,0.0213,0.0451,799
aef,0.0,0.00751465378422,0.0,0.0155925925926,0.962938325282,1863
aek,0.0,0.9225184251,0.0,0.00433869578591,0.0543989541679,3251
ebe,0.0055251141718,0.00475163465024,0.0357296085538,0.0151555164915,0.921775143168,27590
ebl,0.0,0.0069,0.0,0.0147,0.9589,1021
iby,0.00540425202938,0.00813254735215,0.0,0.013555044453,0.95827526092,2587
ebs,0.002,0.0047,0.0016,0.0124,0.9703,10951
lup,0.00573837261005,0.00268986216096,0.0160495108937,0.016702578924,0.941570564695,4498
dla,0.0,0.0089,0.0,0.0059,0.9584,1010
dlo,0.0,0.0,0.0,0.0143,0.9755,490
lub,0.00143134064379,0.00604096215069,0.00282292182526,0.0127481782809,0.965290307747,5654
wty,0.0333,0.0,0.0,0.0094,0.9251,961
luk,0.0,0.0,0.0,0.0183,0.9658,438
lun,0.00579420625724,0.0,0.0,0.0139049826188,0.954817497103,863
ken,0.00356500874197,0.00424858298772,0.0503575119948,0.0141732078962,0.913691305806,98376
gua,0.00150123245097,0.00598904726182,0.00750175758225,0.935129643125,0.0453580645161,9331
kee,0.00778666802569,0.00518397920701,0.0569187829987,0.0143012944654,0.90085354602,49055
vra,0.0,0.00472565087495,0.0,0.00977720870679,0.974849210414,2343
eun,0.0,0.00606487889273,0.0553596885813,0.00606487889273,0.916935813149,1156
jon,0.0,0.000838417676408,0.000858503207413,0.944268410549,0.0494844903778,7015
ets,0.00425043467144,0.00306482677065,0.0297518121964,0.0144407312708,0.9354655427,31288
loa,0.0021,0.0051,0.0029,0.9278,0.0569,9097
etu,0.0,0.0,0.0,0.0216,0.9688,416
etz,0.0030015094504,0.00397649333682,0.00587113056354,0.0144540684609,0.960882951833,114810
eti,0.0,0.0051,0.0068,0.0178,0.9601,1177
ci,0.000357269257139,0.0025696471918,0.00186015620657,0.0228091880223,0.957323628328,107934
cl,0.0,0.0,0.012,0.0,0.9535,581
cz,0.00132450036593,0.00214035354388,0.000338791307775,0.0125851770534,0.968837544334,35526
ab,0.00192212680619,0.0255724173394,0.0092377821772,0.0175936956857,0.916555880084,38894
rpf,0.0,0.0,0.0,0.0288,0.9588,486
cs,0.00611357477299,0.00705584562997,0.0440881562145,0.0175332292849,0.907095569665,28192
cq,0.0,0.0254,0.0,0.0148,0.947,472
uck,0.00796641143608,0.00795786197831,0.0518268833388,0.0146326296418,0.903892516595,152150
cu,0.0,0.0050945686901,0.0,0.0146647284345,0.9488685623,1565
ct,0.0120049710313,0.00790571263036,0.0122001738123,0.0197154808806,0.933871436848,17260
bbo,0.0,0.0,0.00489380530973,0.0245604719764,0.950805309735,1017
bbe,0.00166007417354,0.00863775816868,0.0370113945904,0.0198221241767,0.917440047318,15639
taw,0.00824360971141,0.00318896014659,0.00318896014659,0.0178331653688,0.950029912964,2183
byl,0.0,0.0,0.0,0.0061,0.9852,1150
yar,0.00178366620526,0.00393861973502,0.00492940478545,0.0161889855646,0.960835040538,5057
zby,0.00981547911548,0.0,0.00492800982801,0.0139151515152,0.953302784603,1221
ohe,0.0038013136289,0.00411808976464,0.00467263273125,0.0128503284072,0.961985659551,3654
rvi,0.0,0.0,0.0045465076661,0.0221244747303,0.950614537195,1761
yac,0.0,0.0,0.0,0.0226,0.9698,398
eux,0.00792487897649,0.00404767894191,0.0136098590941,0.011453012621,0.946933584025,23136
oth,0.00554572379805,0.00842704263672,0.0348099408122,0.0137044909965,0.924927676281,167602
oti,0.0,0.00284417498811,0.0,0.0299600570613,0.948675083214,2103
lgh,0.0081,0.0069,0.0028,0.0154,0.9558,2466
otl,0.0,0.0,0.0,0.0093,0.983,647
oty,0.00458252148997,0.00449755458947,0.0451881088825,0.0158505187234,0.918060246023,20242
otz,0.0018124095763,0.00340012487082,0.00282484498794,0.0177423053738,0.962668300034,23224
uns,0.00230354009077,0.00324646747352,0.0115224810893,0.0150005597579,0.958838509834,13220
ilb,0.0,0.0118,0.0,0.0165,0.9528,424
cot,0.00261700828609,0.00958177060619,0.0532024422154,0.0244482773659,0.900562189272,2293
ysk,0.0,0.0,0.0,0.0,0.9761,627
edl,0.0,0.00512502567614,0.0,0.0150589866484,0.966428996919,2921
rbs,0.0,0.0,0.0,0.0184,0.9593,762
ysz,0.0,0.0,0.0,0.0,0.9901,607
yss,0.0,0.0073,0.0,0.0204,0.9636,2059
unz,0.00352624162227,0.00592263275477,0.00265885891047,0.0209161883485,0.957676954803,11638
uit,0.00228573063716,0.00305589469668,0.0488311331553,0.0163954215948,0.915275772606,2621
wka,0.0,0.0,0.0,0.0122425612053,0.970794915254,1062
myn,0.0,0.0,0.0,0.0292,0.9435,513
wke,0.0062,0.0062,0.0112,0.0119,0.9451,1602
wks,0.0086,0.004,0.0426,0.0125,0.9192,8337
yrn,0.0,0.0,0.0124,0.0218,0.9502,643
hoa,0.0041,0.0063,0.0033,0.9317,0.0518,57210
fko,0.0,0.0,0.0,0.0116761904762,0.97375335277,1029
fka,0.0,0.00565684397163,0.0,0.0148689716312,0.967364255319,2820
fke,0.0,0.0,0.0,0.0,0.9831,593
zga,0.0,0.0,0.0,0.0,0.976896214511,951
ios,0.0035048600054,0.00833490294359,0.00477375654563,0.917655945531,0.0609937230918,173971
off,0.00437118038777,0.00750448405917,0.0260850651187,0.014342239967,0.934676366904,169690
ofe,0.0,0.0,0.0,0.0,0.9874,476
zyn,0.0,0.00807940780619,0.0,0.00358546433378,0.967701929116,2229
ilz,0.0,0.0,0.0,0.0127499120493,0.965278759894,2274
zyk,0.000642611659193,0.00162747982063,0.000642030493274,0.0114116843049,0.972839182063,27875
ofs,0.0,0.0073,0.0,0.0073,0.9751,965
oft,0.0072137575889,0.00383447889563,0.045933944059,0.0146377059844,0.913677771755,27672
zyz,0.0,0.0,0.0,0.0111,0.9683,631
oal,0.00301512131716,0.0134590987868,0.00431733102253,0.0173275563258,0.94973687175,2308
lzo,0.0,0.00465970744681,0.0,0.026297606383,0.952800531915,3008
xen,0.00792253521127,0.00219190140845,0.0119042693662,0.0184947623239,0.944990008803,2272
kke,0.00286803887936,0.00441616638079,0.00184373927959,0.0124300886221,0.965285706118,6996
adt,0.000755575566562,0.00405764670569,0.00300636349992,0.00944912201711,0.969830691881,6663
adu,0.0,0.0,0.0,0.0144002538071,0.936562351946,1182
weg,0.006,0.0,0.0,0.005,0.988,1001
ads,0.00788339746896,0.00444906176856,0.0240707977943,0.0127348395287,0.937766259372,25207
wed,0.0,0.00659649122807,0.0,0.0273875,0.947349122807,912
wek,0.0,0.0,0.0,0.0206,0.9766,728
gma,0.0,0.0,0.0,0.0127,0.9727,550
sky,0.00134879278525,0.00333623927396,0.00289356152134,0.0127813048193,0.966607696113,52559
ske,0.00231382622707,0.00352914291026,0.00701312283094,0.0136908930342,0.958630261527,32272
ska,0.00327863036971,0.00295035595826,0.000321563789337,0.0169884960764,0.962060783917,24722
wey,0.0165201372998,0.00459679633867,0.0178915331808,0.0146196380279,0.929967193676,19228
ski,0.00110893118656,0.00288536283208,0.00098931060433,0.0114892140472,0.970744067901,713567
gry,0.0,0.0,0.0,0.0205,0.9658,439
njh,0.0,0.9133,0.0,0.0,0.0133,450
esz,0.0,0.0,0.0,0.0262243449782,0.961784606987,1832
tma,0.0,0.0076,0.0,0.0076,0.9703,2119
esi,0.0,0.00331431991621,0.000899940146641,0.0231886577884,0.953024165794,6683
ndh,0.0,0.0,0.0,0.0136,0.9592,441
kry,0.0,0.0,0.0,0.042,0.9513,452
ndl,0.0,0.00192620291449,0.00302218861699,0.0165047291724,0.95818251306,3637
kra,0.0,0.0,0.0,0.0,0.9652,488
ndt,0.00309793973994,0.0050808376352,0.00728376815355,0.0155289196378,0.95679843094,107899
kre,0.0,0.0,0.0,0.0092,0.963,541
owl,0.00613169984686,0.00229938744257,0.0535810107198,0.0104898162328,0.912721975498,3918
owk,0.0,0.0,0.0,0.0131,0.9651,687
owd,0.00632219018326,0.00642289504037,0.0469519543765,0.0159173843394,0.911094508522,15606
owy,0.0,0.0,0.00527880063125,0.0178775381378,0.960029037349,1901
oek,0.0,0.0,0.0,0.0,0.9796,491
vak,0.00209037227214,0.00430202922879,0.00235166880616,0.0141848968105,0.966429623778,40508
aan,0.00114838709677,0.00690640552995,0.00944085253456,0.0294752304147,0.920174792627,8680
rci,0.0,0.0,0.00522494432071,0.0297046770601,0.942842093541,1347
rck,0.00197562658406,0.00309391720642,0.011688566601,0.0100052942833,0.958196212335,7102
vat,0.00490176301763,0.0,0.0,0.00858081180812,0.967205289053,2439
eam,0.00417628375977,0.00674620646766,0.0220746090974,0.0118167199716,0.942909981343,22512
bur,0.0128476319089,0.00581425677631,0.0238196971158,0.0212098485579,0.920063653902,10367
hl,0.00353019144226,0.00711181493104,0.00371928093605,0.0145290914398,0.958851952127,205545
hm,0.00185702671519,0.0138245744209,0.00271877163398,0.0132051460016,0.957338340286,56335
eap,0.0,0.0231719814663,0.0226269828291,0.0152832651949,0.924243663123,3669
eau,0.0179316341183,0.00356391904912,0.0388062839303,0.0135844921347,0.908159931259,215884
myx,0.0,0.0074,0.0,0.011,0.9583,815
pik,0.0,0.005,0.0,0.0072,0.9755,1390
pil,0.0,0.0,0.0,0.0,0.9824,398
iny,0.00182705099778,0.00557631189948,0.00408041389505,0.0106962675536,0.967118292683,2706
inl,0.0,0.0,0.0,0.0,0.9758,414
inh,0.0,0.955932335575,0.0,0.00630814744957,0.0180825487945,24388
ini,0.000558799232794,0.0238206084125,0.0032166349971,0.0480294571569,0.90413514965,112095
ink,0.00433987882025,0.00464139632962,0.0262547482021,0.0119553301596,0.941310047054,108599
ind,0.0184852324406,0.00821943742631,0.0194416035035,0.0338807099545,0.904426869631,23748
pis,0.0,0.0,0.00422744360902,0.0131387218045,0.96757481203,2128
pit,0.00879353233831,0.00231144278607,0.0581706467662,0.0103517412935,0.903191044776,2613
oag,0.00676338400529,0.0113624851289,0.0183760343688,0.0164071513549,0.933622181097,7565
oaf,0.0,0.0,0.0263,0.0153,0.9377,3195
oad,0.0137757218008,0.00428666503548,0.0162616222168,0.0147203572302,0.934887668216,16348
oam,0.0,0.0146,0.0187,0.027,0.9127,481
mch,0.0,0.0,0.0,0.009,0.9831,886
oak,0.00345187264416,0.00665367711926,0.0282385596279,0.0119278691154,0.935675779934,12469
hpi,0.0,0.0,0.0,0.9736,0.0264,455
oas,0.0,0.0,0.0149,0.0356,0.9163,872
oar,0.00417330088649,0.0054019641926,0.0488620198157,0.0111343125326,0.917783643317,5753
yme,0.0,0.0,0.0,0.0053,0.9808,938
ubs,0.0,0.0,0.0,0.00385820433437,0.981421981424,1292
uby,0.00502595176805,0.00842015309579,0.019430876575,0.0357195434223,0.918161705731,14762
ube,0.00274261260258,0.00903205970814,0.00881056774721,0.0166665812632,0.949975255282,26931
ubb,0.0064312857573,0.00373644771368,0.0275171333936,0.00999674366585,0.942296571601,23247
hne,0.00340977831431,0.00506422300263,0.00319373353819,0.0194360842845,0.952702315628,9112
cid,0.0021,0.0036,0.0047,0.9497,0.034,3379
eos,0.00534451959764,0.00661311134235,0.00731788067985,0.900644103365,0.0752537460978,5766
lod,0.0,0.0,0.0,0.0122,0.9708,411
gaj,0.0,0.0186,0.0,0.0,0.9326,430
