pattern,black,white,amInd,asian,hispanic
abdel/an,0.1731,0.5833,0.0,0.0,0.0353
abdel/la,0.1528,0.7604,0.0,0.0,0.0139
abdel/man,0.1731,0.5833,0.0,0.0,0.0353
abdul/an,0.4088,0.3455,0.0,0.0925,0.0
abdul/i,0.7748,0.0373,0.0,0.0,0.0
abdul/la,0.0934,0.4279,0.0,0.1301,0.0445
abdul/man,0.4088,0.3455,0.0,0.0925,0.0
abu/ez,0.0,0.0,0.0,0.0,0.9811
abu/is,0.0,0.0678,0.0,0.0,0.926
abu/o,0.0043,0.0264,0.0,0.0,0.9656
al/ach,0.0,0.972615544041,0.00520725388601,0.0,0.0111279792746
al/an,0.0333310702397,0.629741641264,0.00424137469229,0.0166040738237,0.303192474778
al/and,0.00309579745091,0.95764347227,0.00549958663452,0.0,0.0251479503961
al/ano,0.00109228797266,0.510400106815,0.00119461653493,0.0512999145482,0.426689297159
al/ard,0.0136185492602,0.929731477806,0.0183834987369,0.00514040959942,0.0147029953086
al/ba,0.00427277099163,0.161532634414,0.00170910839665,0.054550302972,0.76909587381
al/berg,0.0093,0.9702,0.0,0.0,0.0
al/bert,0.1239,0.8036,0.0144,0.0112,0.0313
al/brook,0.152974841972,0.789494627054,0.0,0.0,0.0196329329962
al/burg,0.0,0.9622,0.0,0.008,0.0149
al/ema,0.0,0.9418,0.0,0.0,0.0304
al/er,0.277736120189,0.636134629442,0.0063296132744,0.00863490377008,0.051871674951
al/ers,0.00887250437828,0.901813735301,0.00453062296723,0.00373577683262,0.0677336335585
al/ese,0.0,0.965,0.0,0.0059,0.0183
al/ez,0.00626837183624,0.0659462393498,0.00470246896717,0.0114773046255,0.906828221239
al/ford,0.2962,0.6604,0.0073,0.0043,0.0175
al/gren,0.0,0.9857,0.0,0.0,0.0
al/han,0.0,0.0934,0.0,0.7027,0.0516
al/i,0.152121132768,0.406889595315,0.0043041377502,0.279435921685,0.0328175281881
al/ia,0.0155856165555,0.217927330255,0.00324025996237,0.0189785873097,0.731820779887
al/ich,0.0196,0.9376,0.0083,0.0067,0.0157
al/ier,0.0,0.968622417399,0.0,0.0033400250941,0.0133849017148
al/in,0.0690464560581,0.747841457158,0.00426661291505,0.0126162354321,0.147913530748
al/ing,0.0069,0.9523,0.0061,0.0087,0.0104
al/is,0.218309073304,0.308745030472,0.00806038047502,0.00524158455317,0.432136378652
al/la,0.00595802666296,0.0834393209276,0.00218518261353,0.0202205110401,0.881294993751
al/li,0.215440928039,0.170106544735,0.00641493929446,0.403135558335,0.0299434865301
al/lin,0.0421,0.9158,0.0,0.0,0.0211
al/los,0.0,0.9395,0.0,0.0,0.0151
al/man,0.0289398322021,0.675558909314,0.00379219703653,0.00395784527303,0.277715328664
al/mand,0.00454812753036,0.944856629555,0.00807960526316,0.0,0.0323950404858
al/mann,0.0047,0.9756,0.0,0.0047,0.0103
al/ny,0.159907514451,0.41618265896,0.0279312138728,0.00673063583815,0.380521965318
al/o,0.00625658520714,0.162691751013,0.00295581971033,0.0314035025546,0.788943375221
al/off,0.0029,0.9689,0.0025,0.0057,0.0151
al/ok,0.152974841972,0.789494627054,0.0,0.0,0.0196329329962
al/on,0.246770089438,0.615590065274,0.00739278945889,0.00706411674861,0.107935868054
al/quist,0.0024,0.9584,0.0049,0.0049,0.0162
al/ridge,0.151601732158,0.810713533868,0.0056938820715,0.00314145217738,0.0133511717539
al/sen,0.0,0.963,0.0,0.0,0.0
al/son,0.0981662587125,0.856844981066,0.0106988996213,0.00470111135503,0.0142387465013
al/us,0.0112461210831,0.947975722543,0.0,0.00819878308488,0.0109580468512
al/wood,0.205252620087,0.73800709607,0.0,0.0,0.00545796943231
al/worth,0.109,0.8376,0.0,0.0,0.0173
al/za,0.003,0.0457,0.0023,0.0036,0.9423
ap/an,0.0,0.9659,0.0061,0.0,0.0129
ap/ard,0.0,0.9881,0.0,0.0,0.0
ap/baum,0.0,0.970052063915,0.0,0.00368408788282,0.0123319241012
ap/by,0.0625,0.9018,0.0027,0.006,0.0172
ap/ell,0.0,0.965,0.0,0.0,0.0179
ap/er,0.0,0.9583,0.0,0.0,0.033
ap/garth,0.0,0.97,0.0081,0.0,0.0104
ap/gate,0.0095,0.9474,0.0083,0.0042,0.0165
ap/in,0.138301352054,0.812253458138,0.00833114924597,0.00465886635465,0.0202554342174
ap/la,0.0,0.9614,0.0,0.0,0.0268
ap/lin,0.138301352054,0.812253458138,0.00833114924597,0.00465886635465,0.0202554342174
ap/man,0.0,0.9659,0.0061,0.0,0.0129
ap/o,0.00704431365103,0.136542851718,0.043104746535,0.026326419214,0.771862303019
ap/on,0.0973779930707,0.859329000385,0.00897389965354,0.00368601308867,0.0163090850764
ap/son,0.0339,0.9226,0.0058,0.0041,0.019
ap/white,0.5861,0.3736,0.0024,0.0033,0.0178
bar/ak,0.0,0.953425733281,0.0,0.00233899100508,0.013276300352
bar/an,0.00252316909847,0.432347906534,0.00236647987594,0.00746114048072,0.546060291112
bar/ard,0.0448585805085,0.906336539044,0.0057268311138,0.00490853510896,0.0244533633475
bar/arz,0.0,0.9269,0.0,0.0,0.048
bar/au,0.0182871848739,0.94176452581,0.0021287214886,0.00477524009604,0.0128884753902
bar/ba,0.0057,0.2433,0.0022,0.0387,0.7033
bar/by,0.1586,0.7503,0.0428,0.004,0.0232
bar/cki,0.0,0.9886,0.0,0.0,0.0
bar/dale,0.5465,0.4166,0.0032,0.004,0.013
bar/din,0.0138,0.9472,0.0,0.0,0.0214
bar/don,0.0522,0.8681,0.0,0.0,0.0287
bar/eiro,0.0113,0.2414,0.0083,0.0048,0.711
bar/ek,0.0,0.966835317073,0.00455882926829,0.0,0.0123730731707
bar/ell,0.180011871209,0.784492067196,0.00357882407839,0.00339160055996,0.0159471021932
bar/er,0.117637313833,0.838969460374,0.00779357337349,0.0047559501217,0.0161070882668
bar/ero,0.0,0.36788013013,0.0,0.0355512012012,0.583576626627
bar/et,0.139735179576,0.769372090004,0.0125832540026,0.0117133708351,0.0497678061445
bar/ez,0.0289,0.0717,0.0214,0.0,0.878
bar/i,0.00219223605969,0.922970279367,0.000279412094693,0.0211980870638,0.0353329967463
bar/ia,0.00854071211703,0.280137261938,0.00299365166989,0.0436080596191,0.65058288711
bar/iak,0.0,0.9894,0.0,0.0,0.0063
bar/ich,0.0,0.9543,0.0,0.0,0.0201
bar/ier,0.0912045149754,0.862779526151,0.00357586052749,0.0,0.0272510505141
bar/ik,0.0,0.979564906303,0.0,0.0,0.0068066439523
bar/in,0.0607912918316,0.897438215185,0.00179201151493,0.00432472112271,0.0205366678661
bar/ing,0.0,0.9412,0.0,0.0088,0.0318
bar/is,0.112886624204,0.781698089172,0.0,0.0173643312102,0.0648420382166
bar/jas,0.0017,0.0328,0.0018,0.0017,0.9597
bar/kin,0.1088,0.8702,0.0,0.0,0.0134
bar/ko,0.0,0.9811,0.0,0.0,0.013
bar/kus,0.108646766169,0.859868988391,0.0,0.0,0.00910812603648
bar/la,0.00235570736554,0.233911327785,0.00915136007949,0.0074571109179,0.734835647746
bar/li,0.0051,0.9403,0.0,0.0061,0.0314
bar/los,0.0,0.836447091109,0.0,0.0197998902305,0.0559788144896
bar/man,0.00518720090293,0.941107200903,0.00788993227991,0.0216924379233,0.0110763656885
bar/mann,0.0,0.9772,0.0,0.0,0.0
bar/nes,0.2823,0.6745,0.0072,0.004,0.0149
bar/nik,0.0,0.9858,0.0,0.0,0.0
bar/ny,0.0,0.949,0.0,0.0,0.0232
bar/o,0.0141034541691,0.518056152513,0.00107639129598,0.0229398926439,0.427150481417
bar/ok,0.0,0.9471,0.0091,0.0,0.0166
bar/on,0.0782595215712,0.754536922896,0.00898210261909,0.00601331213185,0.139150063898
bar/ot,0.0048666040218,0.879716500658,0.0182384326254,0.0708327945875,0.00976658522834
bar/ow,0.150274120161,0.803734459804,0.0090403562851,0.0039830443087,0.0170109608729
bar/ros,0.0594870763929,0.395926076967,0.00662960941987,0.0258354394026,0.337302527283
bar/ski,0.0,0.97584540012,0.0,0.00158002394732,0.012767970465
bar/son,0.0422525369979,0.917571723044,0.0105776955603,0.00261923890063,0.0105776955603
bar/stad,0.0,0.9483,0.0,0.0,0.0318
bar/tos,0.00220605961349,0.196308483459,0.0023,0.0238081886669,0.77104231903
bar/us,0.0583784519573,0.900027704626,0.0057053202847,0.00286982206406,0.0153025800712
bar/well,0.3186,0.6477,0.0033,0.0046,0.0128
bar/za,0.0131082773597,0.104563279632,0.00279652542801,0.00468790970153,0.855355532549
bath/gate,0.0,0.9795,0.0,0.0,0.0
ben/ak,0.0,0.9671,0.0,0.0,0.0164
ben/an,0.0,0.9756,0.0,0.0,0.0105
ben/ard,0.3015,0.5984,0.0083,0.0028,0.0732
ben/brook,0.0,0.9575,0.0,0.0,0.0106
ben/dorf,0.0,0.9719,0.0,0.0,0.0
ben/enko,0.0028,0.9573,0.004,0.0091,0.0137
ben/ent,0.247,0.6626,0.0052,0.0052,0.0505
ben/er,0.0448818702909,0.921297483687,0.00549802624464,0.00407029092613,0.0119632196546
ben/et,0.207346942149,0.711475206612,0.00703933884298,0.00586611570248,0.0507975206612
ben/ez,0.00453610735533,0.0568214507842,0.00302348566793,0.0155908464035,0.915900601677
ben/ford,0.6924,0.2688,0.0013,0.0035,0.0168
ben/i,0.00114759551416,0.928907318,0.000948013685611,0.00324320471393,0.047336209846
ben/in,0.388144335255,0.53705685319,0.0092727632042,0.017953647906,0.0237504128428
ben/ing,0.160522208411,0.804869214833,0.00164922311995,0.00226768178993,0.0114279883986
ben/is,0.0174,0.9291,0.0128,0.0105,0.0163
ben/kin,0.078,0.84,0.0,0.0,0.042
ben/ko,0.0028,0.9573,0.004,0.0091,0.0137
ben/man,0.0,0.9756,0.0,0.0,0.0105
ben/nes,0.0109,0.9265,0.0,0.0,0.0449
ben/ny,0.0627,0.739,0.0486,0.0945,0.0215
ben/o,0.00426313480028,0.699167897012,0.00760795637865,0.0525998064141,0.207263657482
ben/off,0.0,0.9621,0.0,0.0,0.0267
ben/ok,0.0,0.9575,0.0,0.0,0.0106
ben/on,0.168446568323,0.788452458334,0.00743292562934,0.00533368099181,0.0151413640423
ben/ow,0.3699,0.5881,0.0042,0.0033,0.0158
ben/sen,0.0138578891258,0.944023347548,0.00322436034115,0.00583128997868,0.0191967484009
ben/son,0.149105190253,0.8076654597,0.00718048241453,0.00584797468496,0.0153997823442
bet/ard,0.0,0.9477,0.0,0.0153,0.0218
bet/court,0.0080332103321,0.334368265683,0.00277896678967,0.00380885608856,0.634483763838
bet/dorf,0.0,0.9348,0.0,0.0143,0.0428
bet/ell,0.0888,0.8925,0.0,0.0,0.0
bet/er,0.0186556978233,0.939103841229,0.0,0.00273676605085,0.0233902140113
bet/ers,0.2128,0.7124,0.0151,0.0053,0.0223
bet/i,0.0,0.9141,0.0,0.0,0.0519
bet/in,0.0089,0.9733,0.0,0.0,0.0089
bet/is,0.2348,0.7165,0.0071,0.0032,0.0168
bet/ny,0.3377,0.6153,0.0131,0.0,0.0186
bet/on,0.25720420354,0.673089159292,0.00719469026549,0.0,0.0232601769912
bet/ridge,0.0,0.9675,0.0,0.0,0.0
bet/sen,0.0,0.9909,0.0,0.0,0.0
bin/an,0.0121355586144,0.959118880477,0.00574806148199,0.00341043817389,0.00573243863271
bin/er,0.0452278073947,0.923496852966,0.0017468099742,0.00432543422184,0.0149628718831
bin/ford,0.2435,0.7102,0.0038,0.0076,0.0175
bin/i,0.0,0.965809650924,0.00749897330595,0.0,0.0143552361396
bin/in,0.0,0.1566,0.0,0.6627,0.1084
bin/ing,0.342633596018,0.574494110328,0.00185163832435,0.0446129406885,0.0126187474077
bin/man,0.0121355586144,0.959118880477,0.00574806148199,0.00341043817389,0.00573243863271
bin/nes,0.7476,0.2345,0.0,0.0,0.0
bin/on,0.3937,0.5569,0.0071,0.0071,0.0129
bin/ski,0.0,0.9639,0.011,0.0,0.012
da/ach,0.0,0.9491,0.0,0.0,0.0301
da/an,0.0633754302326,0.628610046512,0.0194221395349,0.0608264593023,0.197948895349
da/and,0.00721581849025,0.960543808312,0.00383960983885,0.0054983884648,0.0114324003393
da/ang,0.0041,0.0252,0.0003,0.9411,0.0068
da/ano,0.0,0.6508,0.0,0.2182,0.0552
da/anos,0.0124,0.919,0.0222,0.0052,0.0288
da/au,0.0,0.831451186441,0.0,0.115741985472,0.0140591767554
da/berg,0.00327567332754,0.957414487402,0.00433783666377,0.00412065595135,0.0208650521286
da/bert,0.0,0.9788,0.0,0.0,0.0075
da/bourg,0.6348,0.2027,0.0153,0.0096,0.0707
da/by,0.278733758093,0.684168214983,0.00579147055801,0.003765245093,0.0140213749872
da/dale,0.1364,0.8027,0.0203,0.0067,0.0179
da/ec,0.0,0.9498,0.0066,0.0,0.0
da/ek,0.0098,0.9579,0.0,0.0,0.0167
da/ell,0.0927629421287,0.868402043707,0.00585202751922,0.00399570619183,0.0149361715904
da/er,0.145619433289,0.809624145581,0.00469845825494,0.0028186694375,0.0171981184532
da/ese,0.0,0.9335,0.0,0.0,0.0249
da/ez,0.1516,0.8061,0.0,0.0,0.0295
da/gren,0.0,0.9685,0.0,0.0051,0.0146
da/han,0.0073,0.881,0.0,0.0261,0.0131
da/i,0.0156488754156,0.63954211813,0.0,0.293675249364,0.0270006845296
da/ia,0.00540168117682,0.909051245872,0.0,0.0222062443711,0.0498421795257
da/ich,0.0,0.9344,0.0,0.0,0.0611
da/ier,0.2606,0.7045,0.0035,0.0027,0.0141
da/in,0.0793147407233,0.871191346984,0.00251722758296,0.0082331607437,0.0213362516671
da/ing,0.0644,0.8944,0.0054,0.0058,0.0151
da/is,0.306734659999,0.648165749989,0.0079247794995,0.00398712201074,0.0158300787432
da/ius,0.6491,0.2526,0.0,0.0,0.0228
da/kin,0.0084,0.9604,0.0,0.0,0.0173
da/ko,0.0921952601752,0.879987995878,0.00176300875837,0.00334971664091,0.0116358578053
da/la,0.00692069570057,0.087901168777,0.0023517128148,0.00378077640184,0.894631083901
da/li,0.0,0.973954021739,0.0,0.0,0.00651184782609
da/lin,0.00180765805877,0.956341317898,0.00209688334817,0.00592911843277,0.0157688037993
da/los,0.001,0.0697,0.0035,0.0084,0.9137
da/man,0.0,0.944361067911,0.0,0.0131333678936,0.0254030240194
da/mann,0.0,0.969218500867,0.00262105719237,0.00301451473137,0.0156056325823
da/nes,0.0245017699115,0.923049557522,0.00884867256637,0.00816371681416,0.0231699115044
da/o,0.00635895748482,0.852779826654,0.000738916201489,0.0974897357645,0.0273943146634
da/off,0.0,0.954801443817,0.00751889516635,0.00879284369115,0.0181814814815
da/on,0.130216952727,0.826184192501,0.00696460683584,0.0049565083219,0.0160211849044
da/ov,0.0,0.900622098422,0.0,0.0,0.0
da/ow,0.0095841898384,0.948186213423,0.00610674042801,0.00642041054011,0.0160282428301
da/quist,0.0,0.9557,0.0,0.0169,0.0137
da/ridge,0.677068141391,0.280540159635,0.00253564424173,0.00226396807298,0.0114103990878
da/sen,0.0,0.9438,0.0,0.0056,0.0206
da/ski,0.0,0.97606894198,0.0,0.0028688850967,0.00511183162685
da/son,0.152807931031,0.804398216819,0.00560856580863,0.00499834119511,0.0160169584124
da/us,0.187881118881,0.743680085132,0.00304870781393,0.0206902097902,0.0197300699301
da/vich,0.0,0.9344,0.0,0.0,0.0611
da/ville,0.4574,0.4805,0.0,0.0,0.0341
da/wood,0.020103125,0.778458816964,0.0,0.114413225446,0.0134052455357
da/za,0.00339591836735,0.28397755102,0.0,0.0680448979592,0.630424489796
das/ell,0.332,0.6322,0.0033,0.0052,0.0163
das/er,0.0,0.8884,0.0665,0.0,0.0202
das/i,0.0,0.9755,0.0,0.0,0.0
das/li,0.0,0.9755,0.0,0.0,0.0
das/o,0.0,0.954283025027,0.0,0.0,0.0271905331882
das/ow,0.0,0.9541,0.0,0.0141,0.023
de/ach,0.3043,0.666,0.0025,0.0019,0.0118
de/ago,0.0,0.0283,0.0,0.0017,0.9666
de/ak,0.0,0.967257358294,0.0,0.00414264170567,0.00935423816953
de/an,0.130644226408,0.771189572141,0.00746156759107,0.051492091125,0.0199077764025
de/and,0.00606962560386,0.946228985507,0.00300966183575,0.0,0.0187207729469
de/ange,0.0116187474077,0.953528245541,0.00329688925757,0.00415694732476,0.00996445458316
de/ano,0.00587216218288,0.944066306431,0.00344403311106,0.00545457959684,0.0265948570553
de/ard,0.235947015986,0.727597397869,0.00737005328597,0.00106248667851,0.00931471580817
de/au,0.0585825171625,0.721015171625,0.175490846682,0.00414137299771,0.0189767734554
de/ba,0.0,0.1097,0.0,0.0066,0.88
de/beck,0.0,0.9744,0.0,0.0,0.0
de/berg,0.0,0.9856,0.0,0.0,0.0
de/bert,0.0,0.9617,0.0,0.0082,0.0164
de/bois,0.1451,0.8103,0.0,0.0,0.0134
de/by,0.185073959531,0.767784249253,0.00722717866176,0.00548787077489,0.0181917567257
de/din,0.0115,0.9141,0.0,0.0,0.0458
de/dorf,0.0,0.9721,0.0,0.0,0.0152
de/ec,0.0,0.9581,0.0,0.0073,0.0073
de/ell,0.0926102425876,0.866566114748,0.00436887755102,0.00487925490951,0.0171976800154
de/ems,0.0046,0.9635,0.0046,0.0046,0.0091
de/ens,0.0,0.9638,0.0,0.0,0.0126
de/ent,0.280887363078,0.678298733636,0.00503187282928,0.00459378573337,0.0147984718141
de/er,0.0241586184605,0.935309253936,0.00528487671423,0.00740317160733,0.0138949248511
de/ero,0.0,0.950147505938,0.0,0.0,0.0308573634204
de/ers,0.0437230585015,0.917548880526,0.00408038164747,0.00380196145513,0.0151578439199
de/ese,0.0583589135425,0.861073787299,0.0476127773527,0.00304477429227,0.0115517980107
de/et,0.0,0.9503,0.0,0.0079,0.0166
de/ets,0.0,0.9576,0.0,0.00332307692308,0.0228384615385
de/ez,0.0329,0.9205,0.0,0.0,0.0233
de/ford,0.0145,0.9376,0.011,0.0057,0.0163
de/han,0.0174,0.9628,0.0,0.0,0.0124
de/holm,0.0,0.9715,0.0,0.0,0.0
de/i,0.00119635330768,0.48469053326,0.0013399157046,0.46468737035,0.0145832435404
de/ia,0.0119525489957,0.870009860187,0.00293593625984,0.0474526100495,0.047686897857
de/ich,0.00502419700214,0.962157173448,0.0,0.0042909350464,0.020733904354
de/ier,0.06330354139,0.883808366534,0.00732709163347,0.00310624169987,0.0254517485613
de/in,0.0382729179935,0.880142692841,0.00220294833852,0.0176727531563,0.0447972389765
de/ing,0.0541280433465,0.907301076534,0.00377726446369,0.00603845221545,0.0154289166934
de/is,0.174555804402,0.765833183532,0.00687815036133,0.00679738587914,0.0285706643949
de/ius,0.6156,0.2764,0.0,0.0,0.0402
de/kin,0.00765062166963,0.96090526939,0.0,0.00471415038484,0.0135720544701
de/ko,0.0,0.9629,0.0,0.0031,0.0211
de/la,0.00523424958194,0.711749822324,0.00207921195652,0.0350244460702,0.220211642977
de/li,0.0,0.934172663139,0.0,0.00410329218107,0.03349776602
de/lin,0.0316,0.936,0.0027,0.0032,0.015
de/los,0.0,0.9596,0.0,0.0,0.0149
de/man,0.0337323142071,0.629684564895,0.0127553377091,0.269042705907,0.0309481770061
de/mann,0.0,0.9776,0.0,0.0,0.0106
de/ment,0.0144,0.9396,0.0075,0.0063,0.0166
de/mos,0.023,0.9275,0.0,0.0,0.0208
de/nen,0.0136,0.9523,0.0,0.0095,0.015
de/nes,0.00111235573659,0.959939171758,0.00249599456891,0.0,0.0174172437203
de/nova,0.0,0.3606,0.0,0.0,0.6268
de/ny,0.0632643632725,0.858170107581,0.0375297923443,0.00566210157618,0.0178042281711
de/o,0.0081316236483,0.505313475154,0.002599378862,0.0307785414521,0.438443879699
de/off,0.0044720661157,0.962703541913,0.00118158205431,0.00590961038961,0.00920476977568
de/ok,0.0,0.9781,0.0,0.0,0.0078
de/on,0.0708273561914,0.525676368589,0.00787634864341,0.0363139168157,0.345630786155
de/onis,0.0,0.9673,0.0,0.0,0.0236
de/ot,0.0072,0.9509,0.0016,0.0088,0.0156
de/ou,0.0531538385827,0.877936023622,0.0,0.00489419291339,0.0176970472441
de/ow,0.0869466115702,0.876700231405,0.0,0.0039760661157,0.0165127933884
de/ridge,0.2838,0.6939,0.0,0.0,0.014
de/ros,0.120025,0.580959943182,0.0,0.0,0.0660659090909
de/sen,0.0,0.974794189602,0.0,0.0,0.00611850152905
de/ski,0.0,0.965024961995,0.0,0.0051745819398,0.0158240194588
de/son,0.179465715222,0.765007572052,0.0176815325651,0.0041524647621,0.0145030484884
de/tos,0.00283052394813,0.0782475787245,0.00146091558613,0.142633381847,0.75590686028
de/us,0.0573918095876,0.119577581639,0.0024850218913,0.0692908725843,0.738031584818
de/ville,0.131082696133,0.814603403315,0.00725215469613,0.00353542541436,0.0253838895028
de/wan,0.0175,0.5689,0.0046,0.33,0.011
de/well,0.0133,0.9617,0.0,0.0,0.0133
de/za,0.0516683332097,0.196950715822,0.00189640976189,0.0443209183295,0.65348494177
della/ia,0.0,0.9631,0.0,0.0,0.0257
della/la,0.0333824407375,0.815600790167,0.00701720807726,0.0737415276558,0.0465521510097
della/o,0.0,0.9469,0.0,0.0,0.0169
der/an,0.00854328358209,0.943130063966,0.0,0.00427164179104,0.0163675906183
der/by,0.0543,0.8948,0.0096,0.0065,0.0212
der/er,0.020702416212,0.883006131463,0.00243235472417,0.0575024768338,0.0144573742098
der/ia,0.0,0.9503,0.0048,0.0,0.0191
der/ier,0.0898,0.8569,0.0054,0.0027,0.0238
der/in,0.00582002902758,0.933968722787,0.00363751814224,0.0130455732946,0.0152434687954
der/ing,0.0183,0.9375,0.0,0.0107,0.0213
der/is,0.0,0.9419,0.0,0.0,0.0468
der/man,0.0252,0.935,0.0,0.0126,0.0126
der/o,0.0874954876274,0.84278860262,0.0,0.00975227074236,0.0275037263464
der/on,0.0936017959496,0.867030110814,0.0,0.0,0.013368781047
der/ow,0.0723,0.9138,0.0,0.0,0.0
der/sen,0.0,0.9775,0.0,0.0,0.0106
der/son,0.102033333333,0.860292703863,0.0,0.0,0.0138321888412
der/us,0.5331,0.4319,0.0064,0.0071,0.0064
di/ach,0.0,0.963499270517,0.0,0.00607647416413,0.0170172644377
di/an,0.0106752040198,0.955823031966,0.00430422650654,0.00414194433555,0.0132899682834
di/ano,0.0,0.900466772885,0.0,0.0592635863268,0.0237710457706
di/ard,0.386128205128,0.564916673208,0.00541761512297,0.00236405023548,0.0204884353741
di/beck,0.0,0.95982972973,0.0076972972973,0.0,0.0173552123552
di/bert,0.011,0.9685,0.0,0.0,0.0
di/burg,0.0,0.9537,0.0,0.0176,0.011
di/by,0.1318,0.8249,0.0099,0.005,0.012
di/dale,0.0,0.9624,0.0,0.0,0.0297
di/din,0.0,0.1061,0.0,0.6692,0.068
di/dorf,0.0,0.9755,0.0,0.0,0.0172
di/ens,0.307080318495,0.65212437343,0.00777256452733,0.00320618286753,0.0132133596965
di/er,0.0120068055335,0.951902234059,0.00595735411035,0.00243839508136,0.0134936873907
di/ero,0.0,0.9798,0.0,0.0,0.0
di/ers,0.121543151227,0.845216468725,0.0,0.0,0.0201960411718
di/eu,0.0668,0.2586,0.0,0.6455,0.0
di/ez,0.0,0.0913,0.0,0.0,0.8948
di/i,0.00271027429103,0.954140748489,0.00154592437626,0.00333374399504,0.0205351464435
di/ia,0.0555853648069,0.855602339056,0.00644077253219,0.0206104935622,0.0343363733906
di/ich,0.00373098455209,0.964982357924,0.00249123139596,0.00465638688339,0.0142537450087
di/ier,0.031586324193,0.920829642485,0.00448448455397,0.00836803193336,0.0215379035057
di/in,0.00261098198722,0.664994363742,0.0,0.239390528762,0.0293324811156
di/ing,0.0144937037037,0.959224907407,0.00247012345679,0.00277561728395,0.00773790123457
di/is,0.0122462882096,0.946719388646,0.0,0.0,0.0200989519651
di/ius,0.0,0.9573,0.0,0.0093,0.0186
di/kin,0.0,0.9682,0.0,0.0045,0.0172
di/la,0.00183983140148,0.787020231823,0.0,0.00170679662803,0.195575289779
di/li,0.0,0.950839103068,0.00235857592447,0.00395440597954,0.0244116443745
di/lin,0.0209,0.9628,0.0,0.0,0.0
di/man,0.0112387237214,0.955224780358,0.00454172811421,0.00310585582052,0.0143923674302
di/mann,0.00164524201515,0.969384392493,0.0,0.00393335528482,0.0118270332565
di/nes,0.0685505050505,0.886755555556,0.00265071770335,0.00795215311005,0.0223592238171
di/novo,0.0,0.9738,0.0,0.0,0.0
di/o,0.00315429230737,0.916942439682,0.000778330639982,0.0133781902094,0.0518338635353
di/off,0.0,0.9866,0.0,0.0,0.0
di/on,0.256432784115,0.68179000597,0.00870453315016,0.0153814651225,0.0200639736143
di/ou,0.0,0.9608,0.0,0.0,0.0
di/ov,0.0,0.9581,0.0,0.0,0.0
di/ovo,0.0,0.9738,0.0,0.0,0.0
di/ow,0.0100830180921,0.958073314145,0.00350485197368,0.00290485197368,0.0115376027961
di/sen,0.0,0.9592,0.0,0.0096,0.0166
di/son,0.201439152479,0.752890329321,0.00756410671764,0.00457745290201,0.0165782490726
di/stad,0.0,0.9572,0.0,0.0,0.0285
di/stein,0.0,0.9659,0.0,0.017,0.0
di/us,0.0266213398058,0.933194135922,0.0,0.000973339805825,0.0153733398058
di/worth,0.389699280144,0.574491721656,0.00320815836833,0.00284151169766,0.0145665266947
di/za,0.0,0.956098689384,0.0046126474443,0.0,0.0150812581913
dos/ell,0.5019,0.4442,0.0,0.0,0.0
dos/er,0.100627902971,0.86332055404,0.00327693411798,0.00356176259509,0.0132057413521
dos/i,0.0038,0.0357,0.0038,0.903,0.007
dos/ier,0.0465609157809,0.890430171709,0.00819623875715,0.00491774325429,0.0212541291905
dos/shi,0.0038,0.0357,0.0038,0.903,0.007
dos/tos,0.064,0.6018,0.0025,0.009,0.1211
dos/well,0.5019,0.4442,0.0,0.0,0.0
du/ac,0.0,0.9188,0.0,0.0343,0.0252
du/ach,0.0,0.9799,0.0,0.0,0.0157
du/aj,0.0,0.985,0.0,0.0,0.0
du/ak,0.0,0.965061261261,0.0,0.0,0.0180144144144
du/an,0.0963343383571,0.631673107255,0.00844593321867,0.00905457882633,0.241233384002
du/and,0.0680028945869,0.793485299145,0.00628981196581,0.0113027236467,0.102866883191
du/au,0.0,0.961405363409,0.00251969924812,0.00301563909774,0.0125402506266
du/ba,0.0125,0.9624,0.0,0.0,0.0157
du/bois,0.0584,0.8814,0.0146,0.0057,0.0238
du/by,0.0059,0.9386,0.0046,0.0052,0.0242
du/dale,0.0,0.9677,0.0,0.0,0.0142
du/don,0.004,0.9645,0.0048,0.0097,0.0089
du/dun,0.0819,0.4391,0.0,0.4244,0.0147
du/ek,0.000594010386613,0.970786220427,0.00206555106751,0.00435739180612,0.0117496826313
du/ell,0.0974154104478,0.872022350746,0.0,0.0,0.0139831902985
du/er,0.0485597441635,0.912333492535,0.00516150763168,0.00337112654888,0.0160329781904
du/et,0.0086,0.9538,0.0156,0.0,0.0149
du/ez,0.0,0.0398,0.0,0.0044,0.9488
du/ford,0.0358190485997,0.926516330313,0.00410051482702,0.00332683278418,0.0133548599671
du/fort,0.0867,0.8537,0.0,0.0,0.017
du/i,0.0,0.812149878543,0.0,0.117014817814,0.0149900809717
du/iak,0.0,0.9682,0.0,0.0,0.0212
du/ik,0.0,0.9811,0.0,0.0,0.0071
du/in,0.0857775431492,0.875792939447,0.00430659049272,0.00560228039726,0.0153703500145
du/ing,0.0940088700421,0.86809464354,0.00391413085066,0.0029489669685,0.0161147621477
du/is,0.0405836304467,0.905715531492,0.0136774414653,0.00540405206923,0.0201657374075
du/j,0.0,0.985,0.0,0.0,0.0
du/ka,0.0,0.9718,0.0,0.0,0.0
du/kin,0.0372308271979,0.924977851884,0.00490572542226,0.0048326201819,0.0160747423127
du/ko,0.0,0.9728,0.0,0.0,0.0155
du/la,0.3333,0.6194,0.0,0.016,0.0
du/lin,0.302700542495,0.650578439282,0.00265577966337,0.0146105717068,0.0140324384476
du/los,0.0658,0.8789,0.0027,0.0044,0.0296
du/man,0.0100724299065,0.935654744788,0.0,0.0,0.0305748382459
du/nes,0.0,0.0659,0.0,0.0,0.9222
du/ny,0.0422,0.8998,0.0,0.0,0.0264
du/o,0.0237318971244,0.617815051723,0.00711925595521,0.096324418715,0.234482594666
du/on,0.146557363885,0.704424500736,0.00563265923902,0.00407450704225,0.125014095018
du/ow,0.0052610355419,0.967536726634,0.0,0.00570197455024,0.00614541465555
du/sen,0.0,0.9586,0.0,0.0161,0.0138
du/ski,0.0,0.972339754098,0.0,0.00256516393443,0.0112722848361
du/son,0.360084096859,0.589498180628,0.00824352094241,0.00468905759162,0.0162277879581
du/sson,0.3116,0.6164,0.0,0.0057,0.0194
du/us,0.3768,0.5588,0.0,0.0,0.0354
du/worth,0.186739540939,0.770613751285,0.00463458718739,0.00354592668722,0.0181487975334
du/za,0.0,0.9652,0.0,0.0,0.0184
el/an,0.0183320922478,0.938877632676,0.00167671575438,0.00722258960822,0.0169832175604
el/and,0.0178,0.966,0.0,0.0,0.0104
el/ard,0.0467,0.9187,0.0045,0.0058,0.0109
el/baum,0.0,0.9544,0.0,0.0,0.0119
el/berg,0.0142,0.9481,0.0,0.0,0.011
el/bert,0.1713,0.7876,0.0078,0.0049,0.0087
el/burg,0.005,0.9712,0.005,0.0046,0.0059
el/by,0.795825897921,0.154058601134,0.0,0.00470775047259,0.0207937618147
el/dorf,0.0076,0.9498,0.0,0.0,0.0218
el/ek,0.0,0.9485,0.0,0.0,0.0268
el/ell,0.0150839794841,0.930293498265,0.0112956403681,0.00740297179062,0.0254767838286
el/er,0.0816758300345,0.881733622781,0.00594814359596,0.00351612341974,0.0136111767335
el/ers,0.0287956627237,0.942401850167,0.0024279648165,0.00179669396421,0.00998635122839
el/ford,0.0308,0.9327,0.0,0.0,0.0154
el/i,0.262718159806,0.463700322841,0.0177300242131,0.142463841808,0.0282325262308
el/ia,0.0194,0.8642,0.0069,0.0329,0.0388
el/in,0.214031924566,0.72704537801,0.00437507997979,0.00185893248022,0.0240836672841
el/ing,0.0440839617631,0.922441157727,0.0,0.00321635687732,0.0143445565587
el/is,0.226,0.7282,0.0066,0.0044,0.0183
el/kin,0.00752211314906,0.943910901576,0.00671237406355,0.00128938258848,0.021450116249
el/ko,0.0,0.9719,0.0,0.0111,0.006
el/li,0.2069,0.6021,0.0303,0.069,0.0386
el/los,0.0,0.9648,0.0,0.0,0.0
el/man,0.0183320922478,0.938877632676,0.00167671575438,0.00722258960822,0.0169832175604
el/nes,0.0,0.0411,0.0178,0.0,0.937
el/o,0.00164284599006,0.134089105749,0.00432327892122,0.0065728317956,0.849358899929
el/on,0.213649549004,0.746589545911,0.00499204185243,0.00376670875963,0.0153109991496
el/ot,0.146240072202,0.803979528562,0.00619917179868,0.00490382246762,0.0214850499044
el/quist,0.0,0.9672,0.0,0.0,0.0164
el/ridge,0.1256,0.8361,0.0093,0.0041,0.0116
el/sen,0.0,0.968164316013,0.0,0.0,0.0148590668081
el/sma,0.0,0.9811,0.0,0.0,0.0165
el/son,0.206994440887,0.754822727981,0.00547909448069,0.00361514391042,0.0137985911836
el/stad,0.0,0.964789671362,0.0,0.0,0.00939389671362
el/well,0.0015,0.9474,0.01,0.0055,0.0274
el/wood,0.0174663579532,0.936242093077,0.0136472794628,0.0027843134985,0.0171062861774
el/worth,0.0270315536893,0.925837679131,0.00898304339132,0.00541652336199,0.020275004999
el/za,0.0105,0.9649,0.0,0.0,0.0
fitz/er,0.00335804651163,0.957734381395,0.00928029767442,0.00238794418605,0.0126669581395
fitz/is,0.0,0.9762,0.0,0.0,0.0089
fitz/on,0.0062,0.9649,0.0028,0.0038,0.0123
gil/an,0.0331678904916,0.925471910037,0.00626388768031,0.0070495531979,0.0143269855082
gil/and,0.0152976736383,0.948285812549,0.00524731573649,0.00382924169556,0.0137817022704
gil/ard,0.647922878265,0.312081754559,0.00176535239034,0.00176535239034,0.0154878068014
gil/berg,0.0,0.9673,0.0,0.0,0.0173
gil/bert,0.1498,0.8031,0.0069,0.0042,0.0211
gil/don,0.5894,0.3558,0.0,0.0,0.0142
gil/dorf,0.0,0.9655,0.0,0.0,0.02
gil/er,0.135103738,0.8282303738,0.00332437529788,0.00580618233812,0.0127836862531
gil/et,0.0463,0.8824,0.0,0.0,0.025
gil/ford,0.5864,0.3694,0.0039,0.0063,0.0142
gil/han,0.0,0.9681,0.0084,0.0,0.0126
gil/i,0.0,0.761847310345,0.0,0.177937425287,0.0133372413793
gil/in,0.0229316070659,0.928647083154,0.0127397501077,0.00463096079276,0.0171522102542
gil/is,0.1558,0.8035,0.0096,0.004,0.0141
gil/kin,0.0,0.9834,0.0,0.0,0.0067
gil/lin,0.0492,0.9015,0.0119,0.0079,0.0143
gil/man,0.0134964122232,0.94354770506,0.0068303476432,0.00888230854881,0.0129736855128
gil/o,0.016497032967,0.82966021978,0.0,0.0,0.131851648352
gil/on,0.0769324423794,0.883810489028,0.00414073699223,0.00539137875512,0.0144764778948
gil/son,0.0384459659091,0.924968657025,0.00428667355372,0.00532840909091,0.0132548657025
kil/an,0.0302395664901,0.931970734597,0.00644565793142,0.00267853359353,0.0159275926958
kil/beck,0.0526,0.8727,0.0,0.0,0.0458
kil/burg,0.0,0.9493,0.0,0.0,0.0347
kil/by,0.0603,0.9106,0.0032,0.0023,0.0149
kil/er,0.00257206418673,0.963007585704,0.00269541523393,0.00375153693863,0.0153121808899
kil/in,0.0,0.9711,0.0,0.0,0.013
kil/man,0.00334902488231,0.929363887021,0.0147915265636,0.00334902488231,0.020846402152
kil/ny,0.057,0.9033,0.0,0.0058,0.0174
kil/o,0.227,0.7352,0.0,0.0,0.0123
kil/on,0.0445391684902,0.907324885618,0.00911028446389,0.00938635369007,0.0170626616272
kil/ow,0.0,0.9699,0.0,0.0,0.0
kil/us,0.0,0.9822,0.0,0.0,0.0099
kil/worth,0.1556,0.7994,0.0111,0.0026,0.0153
la/ac,0.0103,0.0493,0.0,0.9199,0.0144
la/ach,0.000688636991982,0.93463323196,0.000821067182748,0.0367809925353,0.0106449820293
la/ago,0.0205,0.428,0.0038,0.0397,0.4921
la/ak,0.0,0.9782,0.0,0.0,0.0
la/an,0.0540244141139,0.849669812604,0.00562031291144,0.0582441938032,0.0128177170192
la/and,0.112461908099,0.842617030969,0.00596207455429,0.00420483157388,0.0192332165228
la/ang,0.099,0.8416,0.0056,0.0234,0.0163
la/ange,0.017616417634,0.944622431465,0.00327147752531,0.00462982217832,0.0186076623858
la/ano,0.00114298850575,0.0707682594417,0.000979704433498,0.0283929064039,0.883233103448
la/ard,0.339477826359,0.589628669582,0.00281542785759,0.0,0.043383635228
la/arz,0.0,0.9861,0.0,0.0,0.0
la/au,0.00357226012094,0.357557377342,0.00183823468081,0.584996869135,0.0242084065656
la/ba,0.0,0.569927557411,0.0,0.326715240084,0.0417513569937
la/berg,0.0,0.971072414966,0.00168323129252,0.00408081632653,0.0102160204082
la/bert,0.0934,0.8571,0.0116,0.0046,0.0194
la/brook,0.0,0.9738,0.0031,0.0,0.0112
la/by,0.1529,0.8204,0.002,0.0032,0.0138
la/cki,0.0,0.9899,0.0,0.0,0.0
la/dale,0.202120307167,0.749521255214,0.00627098976109,0.00395866514979,0.0178045885476
la/din,0.00548762736536,0.532244359534,0.0043768558952,0.00089173944687,0.449242394469
la/don,0.0425896545739,0.916514546086,0.00537925128739,0.0100750216976,0.014510860383
la/dorf,0.0,0.9726,0.0,0.0,0.0174
la/ek,0.0,0.977502249719,0.0,0.0,0.00562474690664
la/ell,0.0774174869948,0.874339455782,0.00480168067227,0.00320118047219,0.0150159063625
la/ent,0.190104893999,0.745210505221,0.00569123510178,0.00558739584432,0.0234359772176
la/er,0.118981550197,0.841606465662,0.00538296849973,0.00451415485159,0.0152615481205
la/eros,0.0027,0.0354,0.0028,0.0015,0.9546
la/ers,0.0937670488554,0.867176112558,0.0056157915193,0.00334938785029,0.0161836565743
la/ese,0.0,0.977,0.0,0.0,0.0138
la/ez,0.00447265214125,0.0571156273479,0.0,0.011666190834,0.921463335838
la/ford,0.121443574147,0.833647745618,0.00611526176199,0.00473073685424,0.0180620560424
la/gren,0.0,0.9552,0.0168,0.0,0.0131
la/han,0.414775931446,0.544193392946,0.0,0.0,0.0126229011426
la/i,0.00070082708773,0.551535125761,0.000918474859929,0.400822578767,0.0173589342453
la/ia,0.00347458163265,0.914707581633,0.000503112244898,0.0155126836735,0.0518402959184
la/ich,0.0,0.9722,0.0,0.0,0.0122
la/ier,0.212903219516,0.755226593507,0.00523203456582,0.00254644973808,0.0104790004971
la/in,0.0987746758642,0.813949959719,0.00883107927796,0.00467821051837,0.0595470204678
la/ing,0.0455106117567,0.903587393199,0.0116276443951,0.00886103041695,0.0163313952495
la/is,0.0281807691147,0.930397799511,0.00332268103474,0.00348416191252,0.0221138609677
la/ius,0.0,0.979992,0.0058275,0.0,0.0
la/ka,0.0,0.967406569665,0.0,0.0,0.0101568783069
la/kin,0.189036689089,0.769854084483,0.00513859024057,0.00388610762741,0.0167888011629
la/ko,0.00394997790544,0.96158272205,0.00394997790544,0.00531727794962,0.010142333186
la/la,0.00803077876838,0.656320930507,0.000702255417134,0.291429869516,0.0231550805928
la/li,0.0,0.9398,0.0,0.0264,0.0103
la/lin,0.0168620555489,0.93953272477,0.0106953609482,0.00357497904944,0.0172812761882
la/los,0.0528,0.9105,0.0,0.0,0.0141
la/man,0.00901012181617,0.930678062016,0.00469601698044,0.0258878146918,0.0110058840901
la/mann,0.0,0.964673460145,0.0,0.0,0.0208486413043
la/mos,0.0154,0.7004,0.0,0.0,0.2489
la/nen,0.0,0.937256610169,0.0126860169492,0.0,0.0195131355932
la/nes,0.114631422505,0.342915286624,0.0,0.0,0.531884713376
la/o,0.0115056237316,0.422351836959,0.0188863266506,0.114628342469,0.416435916014
la/off,0.00650074349442,0.973991821561,0.0,0.0,0.00560408921933
la/ok,0.0,0.9738,0.0031,0.0,0.0112
la/on,0.105433617679,0.852126927651,0.00612559138167,0.00717151037793,0.0148598268463
la/ot,0.0,0.9553,0.0,0.0092,0.0126
la/ow,0.0176652173913,0.946340285326,0.0,0.0,0.0102007472826
la/quist,0.0,0.977,0.0,0.0,0.0115
la/ridge,0.0,0.9535,0.0,0.0,0.0155
la/ros,0.00235734762848,0.152917072602,0.00244465679991,0.00130963757138,0.836486458455
la/sen,0.00403872455389,0.955891361657,0.00585644003923,0.00556421970988,0.016097322458
la/ski,0.000779422947886,0.969353086558,0.000779422947886,0.00292540818609,0.0138780921494
la/son,0.104708757169,0.853921754282,0.00597203512519,0.00767803409675,0.0135382686603
la/sson,0.0,0.9427,0.0,0.0096,0.0191
la/stein,0.0,0.9938,0.0,0.0,0.0
la/tos,0.0,0.953,0.0049,0.0,0.0203
la/us,0.0347548281506,0.89973667485,0.00228884342608,0.0220767321331,0.0201875204583
la/verde,0.0,0.0936288582183,0.0,0.00201937264743,0.897379974906
la/well,0.112215979021,0.838100594406,0.0,0.00174713286713,0.0182034615385
la/za,0.00664505940743,0.697253692285,0.00483970521883,0.0359136261092,0.23897192059
le/ach,0.127258204137,0.832351888533,0.00757524265449,0.00421912249111,0.0145978084237
le/ak,0.300117717004,0.662303115339,0.00178287752675,0.00700041617122,0.0107284185493
le/an,0.0124509414347,0.949997701282,0.00366590764699,0.00818463237842,0.0140118589003
le/and,0.140380944466,0.807427190066,0.00232810911224,0.00403149198279,0.0248576652327
le/ang,0.0,0.961,0.0103,0.0,0.0184
le/ange,0.0,0.9599,0.0,0.0,0.0125
le/ano,0.0,0.088958722919,0.0,0.29077018244,0.586634777651
le/anos,0.0,0.0616,0.0,0.0,0.9361
le/ard,0.12228804471,0.835484617216,0.00715812934982,0.00417168794569,0.0172331229233
le/au,0.0278206080719,0.899729022589,0.0412995824858,0.00404921314634,0.0136763943903
le/ba,0.0088,0.1487,0.0146,0.0254,0.795
le/beck,0.0132,0.9474,0.0,0.0,0.0169
le/berg,0.0,0.972966332046,0.0115691119691,0.0,0.00463907335907
le/bert,0.0505034265104,0.917961947701,0.0,0.0,0.0117439134355
le/brun,0.1096,0.8333,0.0035,0.0041,0.0256
le/burg,0.0,0.9613,0.0,0.0,0.0291
le/by,0.0,0.9707,0.0,0.0098,0.0086
le/cki,0.0,0.9732,0.0,0.0,0.0081
le/din,0.0,0.9543,0.0,0.0079,0.0157
le/eff,0.0095,0.9576,0.0,0.0,0.0212
le/ek,0.0793233333333,0.8845,0.00141333333333,0.00918666666667,0.0114833333333
le/ell,0.238725180136,0.713165744888,0.00547633885102,0.00255404089581,0.0169308666018
le/ema,0.0478,0.4073,0.0065,0.0118,0.5013
le/ens,0.044591543963,0.918807151872,0.00378350862432,0.00378350862432,0.0126149347918
le/ent,0.0089,0.9477,0.0098,0.0075,0.0159
le/er,0.0709706340707,0.887216237872,0.00587510372328,0.00373693947727,0.017759994834
le/ero,0.0072,0.1241,0.0072,0.5974,0.1342
le/ers,0.13243920431,0.833697002348,0.00524409448819,0.0021968503937,0.0100734631855
le/ese,0.00694449950446,0.958847274529,0.0,0.0,0.0168609514371
le/et,0.195311487018,0.763473800157,0.0065885129819,0.00388473642801,0.0191955940205
le/eu,0.0162099093264,0.681634294041,0.00615029145078,0.25937263601,0.0119897020725
le/ev,0.0,0.9405,0.0,0.0137,0.0183
le/ford,0.0217,0.9415,0.0113,0.0032,0.009
le/fort,0.0477,0.8892,0.0,0.0,0.0452
le/gate,0.0,0.952,0.0123,0.0,0.0234
le/han,0.00102597955707,0.967640459966,0.00135429301533,0.00289109028961,0.0151306643952
le/i,0.0287726927691,0.787264881666,0.00491899225652,0.134368354237,0.0281973781219
le/ia,0.0,0.9709,0.0,0.0,0.014
le/iak,0.0,0.973680896686,0.0,0.00288937621832,0.00878976608187
le/ich,0.228732559696,0.730375697389,0.00665565721937,0.00357741575541,0.0111955813435
le/ier,0.122068284479,0.817851273426,0.0129798654493,0.0,0.0287961076406
le/in,0.0263504151531,0.935186974572,0.00152335977463,0.00668724516273,0.0180776966417
le/ing,0.00500385159395,0.948094146448,0.00760441736481,0.00490913937548,0.016104950495
le/is,0.336580131207,0.611004673579,0.0113363377354,0.00450452703728,0.0169037789532
le/ius,0.0,0.9794,0.0,0.0,0.0
le/kas,0.0,0.9576,0.0,0.0,0.0275
le/ko,0.0,0.9742,0.0,0.0033,0.0125
le/la,0.0,0.9749,0.0,0.0,0.0
le/lin,0.0,0.9598,0.0,0.0069,0.0218
le/man,0.0128070536067,0.953337776022,0.00403628954077,0.00477582672076,0.0132398944383
le/mann,0.00725539632781,0.95553578146,0.00276850649351,0.00410502686968,0.0181234102105
le/mos,0.0068,0.3829,0.0059,0.0119,0.5656
le/nen,0.0042670226399,0.965403887228,0.0,0.00554348568988,0.0102428022213
le/o,0.0137861738102,0.751544788717,0.00604560525665,0.0579416132846,0.147672168917
le/off,0.0,0.9268,0.0,0.0,0.0505
le/on,0.0771946504667,0.460234401127,0.00440027499668,0.00850265559799,0.438346098438
le/ow,0.0426731597846,0.912916427289,0.00269744165171,0.00314030520646,0.0233259425494
le/ridge,0.5799,0.3791,0.0,0.0,0.0156
le/ros,0.1701,0.7459,0.0,0.0,0.019
le/ski,0.00145390594254,0.972821467926,0.00228715072806,0.00246790141677,0.0110259937033
le/sma,0.0025,0.076,0.0042,0.0366,0.8729
le/son,0.0442762282743,0.918047433967,0.00327945121117,0.00581634733817,0.0171212056932
le/us,0.00302040540541,0.073862972973,0.00214351351351,0.00243581081081,0.912844459459
le/wan,0.0,0.9823,0.0,0.0,0.0
le/well,0.0633761627907,0.893619767442,0.00872441860465,0.0,0.0214889534884
le/wood,0.131323765161,0.823148374055,0.00859121110916,0.00189883986641,0.0163495869221
le/worth,0.0,0.973838657244,0.00422671378092,0.0035474204947,0.00566077738516
le/za,0.0,0.1104,0.0,0.0,0.8684
mac/ac,0.0409422619048,0.490569607843,0.00174544817927,0.438713585434,0.00279271708683
mac/ach,0.0407,0.6765,0.0052,0.2535,0.0113
mac/ak,0.0,0.9791,0.0,0.0,0.0094
mac/an,0.00993478287057,0.950152942239,0.00223874600976,0.00515382762151,0.0188754502198
mac/and,0.0242,0.928,0.0,0.0,0.0287
mac/ek,0.00695612634502,0.963542242277,0.00416272127733,0.00345067684832,0.00902603262756
mac/ell,0.0124258208955,0.958983631841,0.00421940298507,0.0,0.00822049751244
mac/er,0.00542025316456,0.954644910338,0.00142824367089,0.00949845727848,0.0108011471519
mac/i,0.0010619280698,0.944015173441,0.00127431368376,0.0112703128325,0.0274317727176
mac/ia,0.00384292589028,0.820477333975,0.0,0.00387776708373,0.15110014437
mac/iak,0.0,0.9791,0.0,0.0,0.0094
mac/ik,0.0,0.965208179959,0.0,0.0,0.0112403885481
mac/in,0.35036679768,0.566946436856,0.00279023840206,0.00407114690722,0.0599424871134
mac/is,0.0,0.9641,0.0,0.007,0.013
mac/kin,0.046,0.925,0.0035,0.0017,0.0147
mac/ko,0.0,0.9524,0.0,0.0086,0.0139
mac/la,0.0,0.9722,0.0,0.0,0.0192
mac/lin,0.530723841865,0.426846700456,0.00205291434364,0.00519905727319,0.0153237607704
mac/nes,0.0,0.9658,0.0,0.0096,0.0064
mac/nik,0.0,0.9781,0.0,0.0,0.0
mac/o,0.00461027505911,0.513973101673,0.00242878991949,0.0120394989674,0.434644221963
mac/on,0.238930905739,0.71611810325,0.00418038718599,0.00522784051625,0.0160991703157
mac/ski,0.00169670180211,0.965972084325,0.00203604216253,0.00441142468548,0.0162938456307
mac/son,0.0104,0.9416,0.0018,0.0066,0.0207
mac/wan,0.0136,0.9493,0.0,0.0097,0.0117
mac/well,0.027,0.9446,0.0,0.0,0.0118
mala/ak,0.0,0.9219,0.0,0.0198,0.0099
mala/an,0.0,0.8694,0.0,0.0472,0.0435
mala/and,0.0,0.8229,0.0,0.0984,0.0519
mala/i,0.280251358025,0.663566728395,0.0,0.0,0.0234536419753
mala/on,0.0,0.046,0.0,0.0,0.9507
mala/ski,0.0,0.963832622799,0.0,0.0,0.0166616311399
mc/ac,0.00886972205795,0.94680958013,0.0,0.0,0.0141635127144
mc/ak,0.024,0.9438,0.002,0.0042,0.0131
mc/an,0.183703362706,0.773519762861,0.00724820612501,0.00383992656905,0.0155560545981
mc/and,0.124558466832,0.837244892957,0.00469791271039,0.00425932382204,0.0163524354417
mc/ard,0.0286510948905,0.94159270073,0.00312314911366,0.0,0.00936929092805
mc/court,0.0059,0.9696,0.002,0.0027,0.0124
mc/dale,0.0,0.9557,0.0,0.0,0.0201
mc/din,0.0643511627907,0.887618449612,0.0,0.0,0.0309896124031
mc/don,0.461670781925,0.49475043397,0.00630255711672,0.00268555637722,0.0155345541587
mc/eff,0.0,0.9716,0.0,0.0,0.02
mc/ek,0.0,0.9656,0.0039,0.0,0.0142
mc/ell,0.13667823945,0.825209795532,0.00545644512006,0.00393855154876,0.0140890136907
mc/er,0.168311093884,0.793256726747,0.00464469693299,0.00365784356477,0.0150187856324
mc/ers,0.118610693923,0.838700737032,0.00387952996802,0.000697455152274,0.0201671116674
mc/ese,0.110085596982,0.852899400799,0.00176449178873,0.00355719041278,0.0142376830892
mc/han,0.0736248047191,0.889600301675,0.00557358185638,0.00293540914723,0.0143661800356
mc/ier,0.5242,0.4429,0.0,0.0,0.0
mc/in,0.163926059602,0.796857433264,0.00463711889328,0.00365772278253,0.0152855174271
mc/ing,0.0991,0.8654,0.0,0.0,0.0222
mc/is,0.0963606204363,0.863724556997,0.00569387702898,0.00405156736896,0.0158713548207
mc/kin,0.107844184638,0.857763423795,0.00314947904047,0.00351840319845,0.0112696026169
mc/lin,0.069498332817,0.892480312034,0.00476877786852,0.00450236559745,0.0155799891107
mc/man,0.0,0.969830857488,0.0,0.00360555555556,0.0169202294686
mc/nes,0.0123246478873,0.954840375587,0.0,0.0,0.0163903755869
mc/ny,0.123230445224,0.839654406059,0.00221289488269,0.0014765564382,0.0142028634768
mc/o,0.495735727038,0.452706665344,0.00459158897044,0.0020175163658,0.0134786351914
mc/off,0.0,0.9766,0.0,0.0,0.0144
mc/ok,0.1328,0.7956,0.0321,0.0,0.0219
mc/on,0.185009515022,0.776564677271,0.00457101039996,0.00398219979247,0.0149399744128
mc/ow,0.112195346687,0.848386502311,0.0024693990755,0.00338200308166,0.0150865639445
mc/ridge,0.0,0.944679454685,0.00537323348694,0.00229884792627,0.0226373655914
mc/sen,0.0,0.9395,0.0,0.0,0.0218
mc/son,0.186839431785,0.770832453199,0.0065215588942,0.00410647426927,0.0149487022417
mc/sson,0.127558049432,0.815632197729,0.00403714094856,0.00403714094856,0.030755511022
mc/us,0.048,0.9167,0.0036,0.0062,0.015
mc/ville,0.0,0.964939119804,0.0114381418093,0.0,0.0114351534909
mc/wan,0.195261879827,0.768746097657,0.00509426364707,0.00331979840293,0.013896593795
mc/well,0.2385,0.7222,0.0054,0.0038,0.0146
mc/white,0.7421,0.2253,0.0,0.0,0.0122
mc/wright,0.6524,0.335,0.0,0.0,0.0
mic/ak,0.0,0.9746,0.0,0.0032,0.0117
mic/ec,0.0,0.9676,0.0049,0.0,0.0196
mic/ek,0.0,0.96959761763,0.00387835020846,0.0,0.0106901131626
mic/ell,0.2349,0.6341,0.0275,0.0092,0.0772
mic/ens,0.8564,0.1012,0.0022,0.002,0.0151
mic/er,0.0306123355848,0.938514610736,0.00357845716317,0.00251119800924,0.0106762175613
mic/i,0.00203274045933,0.961743912968,0.00102754849479,0.00263980314281,0.0205110055834
mic/ich,0.0,0.919,0.0,0.0405,0.0182
mic/ik,0.0,0.9787,0.0,0.003,0.0091
mic/in,0.065,0.8365,0.0,0.0,0.0273
mic/is,0.0026,0.9585,0.0029,0.009,0.0167
mic/ka,0.0,0.9758,0.0,0.0,0.0141
mic/li,0.0041430606161,0.952336038423,0.0,0.00283290824776,0.0289955945677
mic/lin,0.065,0.8365,0.0,0.0,0.0273
mic/o,0.0,0.892932346241,0.0501047835991,0.0,0.0409908883827
mic/on,0.00552881322314,0.955818743802,0.0036512661157,0.00396550082645,0.0166419239669
mic/sen,0.0,0.956487570621,0.0,0.0104443220339,0.014943700565
mic/ski,0.00125094133366,0.969904894935,0.00216829831167,0.00239849386615,0.0124188631119
mic/son,0.00580233832917,0.956546919234,0.00383190396891,0.00360759089648,0.0167726269775
na/ak,0.0,0.0385,0.0,0.9006,0.0
na/an,0.0933762951261,0.613632160944,0.00412371881243,0.229534971891,0.0123640663476
na/and,0.0,0.1051,0.0,0.6174,0.0201
na/ang,0.0,0.0459,0.0,0.8891,0.0
na/ano,0.00227804011701,0.715975783535,0.000955307145842,0.229441224405,0.0239636857501
na/ard,0.3596,0.5775,0.0,0.0,0.0281
na/au,0.0028,0.9439,0.0262,0.0044,0.0109
na/ba,0.0,0.1049,0.0,0.7855,0.0233
na/by,0.0567,0.8818,0.0378,0.0,0.0
na/cki,0.0,0.976,0.0,0.0064,0.0096
na/dal,0.0422,0.226,0.0067,0.1054,0.6071
na/er,0.0698132065634,0.857938889741,0.00324143536267,0.00895308388284,0.0292590952308
na/ers,0.0872,0.862,0.0121,0.0,0.0194
na/ez,0.00378794352591,0.0590121586476,0.00159632175367,0.0279470276797,0.901799804941
na/han,0.254246531866,0.578851100589,0.00905328896852,0.115729280778,0.0153717302278
na/i,0.00309632320724,0.775897334599,0.0197157660289,0.126767332408,0.0209572111874
na/ia,0.0,0.0837,0.0,0.0427,0.8703
na/ier,0.109076447483,0.854933566291,0.00508789981125,0.00324789062899,0.0119407743713
na/ik,0.0,0.0285,0.0,0.9029,0.0071
na/in,0.0257433556172,0.783621033752,0.0657238545573,0.0661974726887,0.0149985325289
na/ing,0.007,0.9257,0.0252,0.0084,0.0098
na/is,0.0,0.9469,0.0,0.0,0.0442
na/jas,0.0,0.0297,0.0,0.0,0.9651
na/la,0.00386142857143,0.756020384615,0.0,0.207695,0.00935197802198
na/li,0.00366595441595,0.955022317189,0.0032004985755,0.000708452041785,0.0250474596391
na/lund,0.0,0.9559,0.0,0.0142,0.0079
na/man,0.00112460176991,0.964588960177,0.00112460176991,0.011738340708,0.00886192477876
na/mann,0.0,0.9655,0.0,0.0048,0.0148
na/ny,0.0,0.974017168142,0.00293315634218,0.0,0.00825415929204
na/o,0.00509419329496,0.187734361177,0.00459856369443,0.0812599747238,0.705709175448
na/on,0.0868155382473,0.842928387434,0.01371491167,0.013272038987,0.0235988686798
na/ot,0.0,0.9675,0.0,0.0,0.0152
na/ow,0.0,0.9584,0.0,0.0,0.022
na/quin,0.0226,0.8554,0.0891,0.0014,0.0098
na/shi,0.0,0.0654,0.0,0.8148,0.023
na/ski,0.0,0.971140770102,0.0,0.00339722536806,0.010200792752
na/son,0.0341283018868,0.920152830189,0.0137660377358,0.00641132075472,0.0133924528302
na/us,0.0,0.9509,0.0,0.0,0.0254
naka/ano,0.0,0.057,0.0,0.8418,0.0245
naka/i,0.0,0.058315258216,0.200709859155,0.639656729264,0.0176073552426
naka/o,0.0,0.0584685487428,0.0,0.829296823996,0.0308666960741
naka/shi,0.0,0.0654,0.0,0.8148,0.023
nin/an,0.0,0.963,0.0,0.0,0.0111
nin/er,0.0,0.9855,0.0,0.0,0.0
nin/in,0.0,0.1159,0.0,0.1316,0.7289
nin/ing,0.0208,0.0576,0.0,0.8784,0.0
nin/man,0.0,0.963,0.0,0.0,0.0111
nin/o,0.0041,0.0954,0.0015,0.0217,0.8665
nord/an,0.00243556097561,0.948805170732,0.00435448780488,0.00243556097561,0.022428097561
nord/berg,0.0,0.9668,0.0,0.0,0.019
nord/by,0.0,0.9736,0.0,0.0,0.0143
nord/din,0.0055,0.9427,0.0134,0.0099,0.0154
nord/ell,0.0,0.9656,0.0,0.0,0.0151
nord/er,0.00486796116505,0.970892038835,0.0,0.00582466019417,0.00582466019417
nord/gren,0.0,0.9734,0.0067,0.0,0.0122
nord/in,0.0055,0.9427,0.0134,0.0099,0.0154
nord/ing,0.0,0.9632,0.0,0.0,0.0
nord/lund,0.0,0.9572,0.0,0.0,0.0269
nord/man,0.0033,0.9465,0.0059,0.0033,0.0251
nord/mann,0.0,0.9581,0.0,0.0,0.0243
nord/off,0.0,0.9831,0.0,0.0,0.0
nord/quist,0.0034,0.9574,0.0053,0.0086,0.012
ny/and,0.0,0.9711,0.004,0.0,0.0137
ny/ard,0.0,0.961596901408,0.00359436619718,0.00693436619718,0.0118157746479
ny/berg,0.0022,0.9509,0.0057,0.0071,0.0174
ny/er,0.0511,0.9034,0.0089,0.0,0.0189
ny/gren,0.0,0.9672,0.0,0.0062,0.0079
ny/is,0.0,0.9828,0.0,0.0,0.0115
ny/lund,0.0,0.9606,0.0,0.0,0.0128
ny/ny,0.0221,0.1744,0.0,0.7445,0.0
ny/o,0.0,0.9772,0.0,0.0,0.0
ny/quist,0.0,0.964,0.0,0.0034,0.0154
ny/us,0.0,0.9725,0.0,0.0,0.0069
ny/ycz,0.0,0.9723,0.0,0.0,0.0192
pour/au,0.0296,0.9655,0.0,0.0,0.0
stor/beck,0.0,0.9236,0.0,0.0112,0.0292
stor/ent,0.0,0.947,0.0109,0.0,0.0265
stor/er,0.0274940406025,0.934072822528,0.00436542239686,0.00698172888016,0.0135328094303
stor/i,0.0,0.952,0.0,0.0,0.0316
stor/ment,0.0,0.947,0.0109,0.0,0.0265
stor/o,0.0,0.9433,0.0,0.0,0.0426
ter/an,0.0053707588343,0.229996058004,0.00223093059271,0.00547705194988,0.747717471491
ter/ano,0.0,0.9593,0.0,0.0,0.0107
ter/cki,0.0,0.9827,0.0,0.0,0.0
ter/ell,0.3831,0.5743,0.0077,0.0027,0.0147
ter/er,0.0044,0.9665,0.0039,0.0047,0.0098
ter/ero,0.00848277613204,0.052858611934,0.00294540837918,0.00510114261532,0.924226618705
ter/ez,0.0082,0.0306,0.0,0.0,0.9561
ter/haar,0.0045,0.9855,0.0,0.0,0.0054
ter/i,0.0,0.954677620054,0.0,0.00484207188161,0.0256611295681
ter/ing,0.0,0.9662,0.0,0.0055,0.0149
ter/is,0.0243,0.9404,0.0,0.0,0.0199
ter/man,0.0,0.9582,0.0,0.0,0.0246
ter/nes,0.0,0.351306400363,0.00160258738084,0.0,0.638476168861
ter/nova,0.0025,0.9409,0.0,0.0,0.0449
ter/o,0.0114776142022,0.487749253085,0.00150681965793,0.00260965576965,0.482133037454
van/an,0.0457802889918,0.642407859034,0.00403384072358,0.273795461063,0.0147248345467
van/and,0.00535523114355,0.950855474453,0.0,0.00388272506083,0.0150457420925
van/ang,0.0015,0.0144,0.0005,0.929,0.0063
van/ano,0.0,0.8511,0.0,0.0893,0.0397
van/beck,0.0,0.959,0.0,0.0082,0.0098
van/berg,0.00706397437508,0.959839078005,0.00361480969727,0.00473941715865,0.0123945609848
van/bergen,0.037,0.9376,0.0,0.0,0.0195
van/burg,0.0175412323828,0.940349393641,0.0106563421829,0.00394257620452,0.0103070140937
van/dal,0.0,0.904985479452,0.0292367123288,0.0173273972603,0.0246789041096
van/dale,0.0777,0.8833,0.003,0.0047,0.015
van/ek,0.00212773521299,0.968409255287,0.00150193073858,0.00425737051793,0.0125587189703
van/ell,0.008,0.9659,0.0,0.006,0.0
van/er,0.0206280301839,0.939140921239,0.00898949850652,0.00380520947964,0.0124592988524
van/et,0.00117217068646,0.959167768595,0.00672912801484,0.00401985157699,0.014493270366
van/ford,0.0241,0.9338,0.0051,0.0037,0.0176
van/i,0.0,0.963532592263,0.00533454868831,0.00222187638951,0.0146973321476
van/ier,0.0455748987854,0.900769635628,0.0101279352227,0.00707044534413,0.018212145749
van/in,0.0,0.9704,0.0,0.0,0.0134
van/is,0.0085306122449,0.969378571429,0.0,0.0,0.0130540816327
van/lin,0.0,0.9704,0.0,0.0,0.0134
van/man,0.0401641570712,0.921492618837,0.00680366105698,0.00354762326543,0.0133135222911
van/nen,0.0,0.972101612903,0.0,0.0,0.0130676547515
van/nes,0.0275,0.8856,0.0,0.0,0.0595
van/o,0.0165624629959,0.915922380107,0.0,0.021307223209,0.0225203670811
van/off,0.0045,0.9789,0.0,0.0,0.0064
van/ok,0.173063807802,0.797723792302,0.00203500387497,0.0036276156032,0.0128806509946
van/on,0.0271814653081,0.913625618632,0.0,0.0126023289665,0.0184599223678
van/ow,0.0,0.9728,0.0,0.0,0.0
van/sen,0.00791247417948,0.961772205646,0.00265400504935,0.00347469589167,0.00907655496902
van/son,0.0,0.9054,0.0,0.0366,0.0237
van/sten,0.0,0.9754,0.0,0.0,0.0134
van/yk,0.0,0.946937853774,0.0,0.01889375,0.0129268867925
vest/er,0.2025,0.7586,0.0065,0.0052,0.0143
von/ak,0.0,0.9497,0.0,0.0087,0.0365
von/ek,0.0,0.9727,0.0,0.0,0.0223
von/haar,0.0,0.9869,0.0,0.0,0.005
von/in,0.0,0.9931,0.0,0.0,0.0
von/stein,0.0,0.9931,0.0,0.0,0.0
